"","FECHA_DEF","registros_dia_3","registros_dia_4","registros_dia_5","registros_dia_6","registros_dia_7","registros_dia_8","registros_dia_9","registros_dia_10","registros_dia_11","registros_dia_12","registros_dia_13","registros_dia_14","registros_dia_15","registros_dia_16","registros_dia_17","registros_dia_18","registros_dia_19","registros_dia_20","registros_dia_21","registros_dia_22","registros_dia_23","registros_dia_24","registros_dia_25","registros_dia_26","registros_dia_27","registros_dia_28","registros_dia_29","registros_dia_30","registros_dia_31","registros_dia_32","registros_dia_33","registros_dia_34","registros_dia_35","registros_dia_36","registros_dia_37","registros_dia_38","registros_dia_39","registros_dia_40","registros_dia_41","registros_dia_42","registros_dia_43","registros_dia_44","registros_dia_45","registros_dia_46","registros_dia_47","registros_dia_48","registros_dia_49","registros_dia_50","registros_dia_51","registros_dia_52","registros_dia_53","registros_dia_54","registros_dia_55","registros_dia_56","registros_dia_57","registros_dia_58","registros_dia_59","registros_dia_60","acumulados_estimados","tasa_semanal","tasa_4dias","tasa_suave","suave_duplex"
"1","2020-04-12",26,30,36,43,44,44,48,50,52,55,55,55,56,56,57,57,59,59,59,59,59,59,59,59,61,61,61,62,62,62,62,62,63,63,64,64,64,67,67,67,67,67,67,67,67,67,67,67,67,67,67,67,68,68,68,68,68,68,629,NA,NA,NA,NA
"2","2020-04-13",31,38,42,44,44,48,51,55,56,57,57,57,57,60,61,63,63,63,64,65,65,65,65,66,66,66,66,66,68,68,69,70,70,70,72,73,75,75,75,75,75,75,77,77,77,77,77,78,78,78,78,78,78,78,78,78,78,78,707,NA,NA,NA,NA
"3","2020-04-14",33,43,44,46,54,61,64,66,68,68,68,69,72,73,74,73,73,74,74,74,75,75,75,76,76,76,77,77,78,77,77,77,77,79,83,83,83,83,83,83,83,83,83,83,83,83,82,82,82,82,82,82,82,82,82,82,82,82,789,NA,NA,NA,NA
"4","2020-04-15",41,43,43,56,61,65,70,69,69,70,72,73,74,75,75,78,79,78,80,80,80,81,81,81,83,83,83,83,83,83,84,85,85,86,86,86,86,86,86,86,86,86,86,86,86,86,87,87,87,87,87,87,87,88,88,88,89,89,878,NA,NA,NA,NA
"5","2020-04-16",26,28,39,44,49,54,56,56,56,59,61,62,62,62,62,62,62,63,63,63,63,63,63,67,69,69,69,69,71,71,71,71,73,74,74,74,74,74,75,75,75,75,75,75,75,75,75,75,75,75,75,75,75,75,75,75,75,75,953,NA,1.51510333863275,NA,NA
"6","2020-04-17",25,42,51,56,63,66,66,66,67,69,72,72,72,72,72,72,77,80,80,83,83,85,87,89,89,89,91,91,91,91,94,97,100,100,101,101,101,101,101,101,101,101,101,101,102,102,102,102,102,102,102,102,102,102,102,102,103,103,1056,NA,1.49363507779349,1.49187981208472,6.93083168032985
"7","2020-04-18",37,46,52,62,67,68,70,71,75,75,76,76,76,77,78,82,84,85,86,86,86,90,92,92,94,95,95,95,97,97,97,98,98,98,98,98,100,100,100,100,100,100,100,100,101,101,101,101,101,100,101,101,101,101,101,101,100,100,1156,NA,1.46514575411914,1.47130055311387,7.18014277344762
"8","2020-04-19",56,66,73,80,81,81,85,87,89,91,91,92,92,92,96,102,103,103,104,105,106,109,109,109,111,111,111,112,115,118,123,123,123,123,123,124,124,124,124,124,124,124,124,125,125,125,125,125,124,125,125,125,125,125,126,127,127,127,1283,2.03974562798092,1.46127562642369,1.47179308699871,7.17392454797003
"9","2020-04-20",58,68,74,76,78,81,85,90,90,90,91,93,96,103,106,108,110,112,112,112,117,117,121,126,126,126,128,131,131,136,136,136,136,136,136,136,136,136,136,136,136,138,139,140,140,140,140,138,140,141,141,141,142,144,145,145,145,146,1429,2.02121640735502,1.49947534102833,1.48768915287766,6.97991218762657
"10","2020-04-21",58,68,69,72,77,82,86,87,92,92,95,97,103,108,109,112,112,112,115,118,118,118,120,120,120,122,125,126,131,132,133,134,135,135,135,135,135,135,135,135,139,141,141,141,141,141,141,141,141,141,141,142,145,145,145,145,145,145,1574,1.99493029150824,1.4905303030303,1.49426893486912,6.9032189932296
"11","2020-04-22",70,72,77,84,86,96,97,99,101,103,109,110,117,117,118,119,119,122,123,125,125,128,129,129,130,132,134,142,142,143,143,143,143,143,143,143,143,143,144,147,147,147,148,148,148,146,148,148,148,149,150,150,151,152,152,152,152,156,1730,1.97038724373576,1.49653979238754,1.48723138855306,6.98532406113304
"12","2020-04-23",65,73,79,88,91,94,95,95,96,100,104,109,114,116,116,116,122,124,125,126,127,127,128,130,130,132,138,140,140,140,140,141,141,141,141,141,141,141,143,144,144,144,144,144,143,144,144,145,147,147,147,146,147,147,147,148,150,150,1880,1.97271773347324,1.46531566640686,1.46875919137729,7.21243290755897
"13","2020-04-24",44,60,78,93,105,110,112,117,122,127,133,135,138,138,139,145,147,149,149,151,154,154,154,159,161,171,174,175,175,176,176,177,177,178,178,178,178,179,179,179,179,179,179,178,179,179,179,179,179,179,180,181,181,182,182,184,185,189,2069,1.9592803030303,1.44786564030791,1.45176110143165,7.43765295111392
"14","2020-04-25",60,81,94,105,113,117,118,125,130,131,134,139,140,141,146,152,155,158,160,160,160,160,168,171,174,177,177,177,177,178,179,178,178,178,178,178,179,180,180,181,181,181,181,184,185,189,189,189,190,193,194,195,196,197,199,199,204,207,2276,1.96885813148789,1.44599745870394,1.44594779838848,7.51857837358046
"15","2020-04-26",83,92,103,110,114,116,119,122,128,132,136,138,140,146,155,158,159,163,164,165,169,179,182,192,193,194,194,195,195,196,196,196,196,196,197,201,202,202,202,202,203,205,205,205,207,207,210,210,211,211,211,212,212,215,216,218,221,222,2498,1.94699922057677,1.44393063583815,1.44343808685038,7.55416485933287
"16","2020-04-27",71,81,84,90,91,104,116,122,127,128,129,131,138,145,147,151,152,154,156,158,164,169,178,178,179,179,180,180,181,181,181,181,181,183,187,188,188,188,188,188,186,188,189,189,189,189,189,191,193,193,193,194,200,200,202,207,208,209,2707,1.89433170048985,1.43989361702128,1.43182361923431,7.72418803700669
"17","2020-04-28",57,61,71,78,96,103,111,113,115,116,116,121,122,123,131,135,136,136,138,148,153,157,157,153,154,156,156,156,156,158,160,160,160,170,172,173,173,173,173,173,173,174,175,175,176,176,179,181,181,182,183,190,190,191,195,197,197,197,2904,1.84498094027954,1.40357660705655,1.40908156718605,8.08480757752024
"18","2020-04-29",63,68,79,107,117,127,136,140,143,146,157,165,167,176,178,179,182,185,191,195,202,202,203,203,206,207,210,211,212,212,212,213,219,221,222,222,222,223,223,225,226,228,229,230,231,232,232,234,235,239,244,247,250,255,256,256,257,258,3162,1.82774566473988,1.38927943760984,1.38680688898379,8.47876341005306
"19","2020-04-30",45,54,82,93,112,124,134,139,141,147,156,161,165,170,171,172,173,181,183,188,188,188,190,191,191,193,194,197,198,199,200,206,209,209,211,212,212,212,214,216,216,218,219,219,219,219,221,222,226,235,235,236,243,245,247,247,248,248,3410,1.81382978723404,1.36509207365893,1.3707414041743,8.79205076782417
"20","2020-05-01",56,80,92,122,134,139,146,147,157,164,172,175,185,186,187,193,197,201,206,206,208,209,216,217,219,221,223,223,223,224,237,238,239,240,240,242,242,243,243,243,243,244,245,247,250,252,253,256,270,272,274,277,277,278,278,278,279,281,3691,1.78395360077332,1.36350203176949,1.36281397920306,8.95678828632729
"21","2020-05-02",87,97,109,126,131,136,139,154,163,171,175,179,182,183,187,190,193,197,199,200,201,204,205,205,205,205,205,205,205,213,216,218,218,218,220,221,222,222,223,223,226,226,227,228,231,232,233,245,247,248,252,253,254,254,254,254,254,256,3947,1.73418277680141,1.35915977961433,1.35244464506136,9.18337848209652
"22","2020-05-03",70,92,100,110,111,127,138,145,153,163,167,167,170,172,180,181,189,189,190,191,192,198,201,204,205,206,207,208,221,223,223,223,223,223,224,224,225,226,226,228,228,228,231,233,234,233,242,245,248,248,248,248,248,248,250,252,252,252,4199,1.68094475580464,1.32795698924731,1.33558662134542,9.58144540787124
"23","2020-05-04",95,116,127,130,134,143,156,168,173,181,185,187,199,207,213,220,220,224,227,231,234,235,239,242,242,242,244,268,274,275,277,277,280,280,281,283,283,284,285,286,285,287,287,287,289,308,312,313,318,318,319,321,321,323,324,326,326,327,4526,1.67196158108607,1.32727272727273,1.32256952858569,9.91710372292098
"24","2020-05-05",104,128,131,135,140,149,158,167,176,176,178,190,201,205,209,210,211,211,214,216,220,224,225,225,225,227,246,247,250,250,250,252,253,253,253,253,253,255,255,259,263,265,267,271,284,286,289,293,293,294,294,294,296,297,299,299,301,301,4827,1.66219008264463,1.30777567054999,1.30987627298372,10.2714079469475
"25","2020-05-06",100,109,116,132,141,150,163,174,175,177,186,195,206,214,217,221,221,224,227,228,231,232,232,232,234,254,258,260,261,261,261,261,262,262,262,262,262,262,262,265,267,269,271,280,282,285,289,289,289,290,290,290,290,290,290,291,291,291,5118,1.61859582542695,1.2966810235622,1.2972658535672,10.6531962878479
"26","2020-05-07",79,87,111,118,125,148,154,156,160,170,178,192,201,203,206,206,206,209,217,220,223,223,223,224,246,249,249,250,250,250,250,250,251,255,255,255,254,254,258,258,259,259,274,279,280,284,284,284,284,284,284,284,287,288,290,290,290,290,5408,1.58592375366569,1.28792569659443,1.28414061633977,11.0863764959765
"27","2020-05-08",66,97,129,144,159,163,165,167,177,186,204,211,214,213,215,221,224,227,228,230,231,231,232,249,258,259,260,262,262,263,263,263,266,266,267,269,270,276,280,280,280,293,298,301,305,306,307,307,307,308,309,311,312,313,313,313,313,313,5721,1.54998645353563,1.26403004860804,1.26583610041037,11.7615711574598
"28","2020-05-09",87,119,132,147,155,156,157,162,165,177,181,185,193,193,199,207,213,216,217,217,218,219,244,250,253,254,254,254,254,254,254,256,256,256,259,261,262,266,268,270,283,285,288,294,294,294,294,294,295,294,298,300,300,300,300,300,300,300,6021,1.52546237648847,1.24735860783095,1.24908501849031,12.4660426257273
"29","2020-05-10",103,123,138,150,152,153,163,172,185,197,199,207,208,211,213,217,219,221,222,224,223,249,258,259,260,260,260,260,261,261,261,261,263,265,269,269,269,270,271,300,302,306,307,308,309,308,308,308,308,310,310,310,310,310,310,311,311,313,6334,1.50845439390331,1.23759280969129,1.2389755538448,12.9387982346338
"30","2020-05-11",119,135,145,148,154,166,180,189,206,208,214,217,217,220,223,229,233,233,234,237,259,272,275,275,275,278,279,281,281,281,282,284,285,288,292,297,298,300,318,320,324,325,327,327,328,328,328,330,332,334,334,335,335,335,335,336,336,336,6670,1.47370746796288,1.23335798816568,1.23209887103809,13.2838275534944
"31","2020-05-12",130,148,151,153,159,173,178,191,194,201,204,208,215,222,228,229,229,231,237,258,271,273,273,273,276,278,280,282,282,282,282,284,287,288,290,291,291,307,310,312,319,321,322,323,323,325,325,328,331,331,331,332,332,332,332,332,333,333,7003,1.45079759685105,1.2240866981297,1.22656122179137,13.5768455787825
"32","2020-05-13",114,117,124,137,154,172,184,193,206,209,215,230,239,247,253,254,256,259,277,290,294,295,296,296,297,298,300,302,305,310,314,312,314,320,322,322,341,345,347,353,357,361,361,362,364,364,364,367,368,368,369,369,369,369,370,371,371,371,7374,1.44079718640094,1.22471350274041,1.22545136559319,13.6372982934538
"33","2020-05-14",111,125,144,170,189,216,217,226,230,238,258,264,266,274,276,279,281,306,326,331,334,335,338,338,339,341,343,345,345,347,352,354,359,363,363,382,386,390,395,396,400,400,400,402,402,403,404,405,405,405,406,406,406,407,406,406,406,406,7780,1.43860946745562,1.22829175876224,1.22748317560595,13.5270748402667
"34","2020-05-15",106,139,164,183,210,214,230,232,247,261,273,275,281,281,282,284,314,327,334,334,336,337,340,341,345,346,346,348,350,352,354,354,360,360,379,392,394,400,403,405,406,406,405,405,407,409,411,411,411,411,412,413,415,415,415,415,415,415,8195,1.43244188079007,1.22863568215892,1.22769131003668,13.5158945057518
"35","2020-05-16",135,160,174,193,200,209,212,223,233,240,245,253,254,254,260,286,299,305,310,310,312,313,318,318,320,322,322,324,327,328,330,334,333,352,366,366,370,370,374,374,375,376,376,376,378,380,380,380,382,382,383,384,384,385,385,385,385.050396498553,385.090425817801,8580.0904258178,1.42502747480781,1.22520211706666,1.22546589625742,13.6365029902858
"36","2020-05-17",118,138,166,179,194,205,226,246,260,263,272,277,280,281,322,341,344,346,348,352,354,359,362,363,363,363,366,369,371,372,375,376,395,410,412,420,422,422,422,422,423,426,426,428,429,429,429,432,432,432,436,437,437,437,437,437,437.011307452263,437.011307452263,9017.10173327006,1.42360305230029,1.22282366873746,1.22163594118264,13.8497243339473
"37","2020-05-18",158,187,197,207,213,239,252,276,283,293,294,296,300,320,336,346,348,349,351,353,359,361,361,364,367,366,373,380,384,390,390,411,419,420,425,426,427,430,431,431,431,433,436,436,436,436,438,439,439,441,440,441,441,441,441,441,441,441,9458.10173327006,1.41800625686208,1.21569431018895,1.21566532806435,14.1971791370932
"38","2020-05-19",158,175,188,200,228,245,261,271,278,280,281,292,316,332,345,349,351,352,359,361,364,365,367,368,372,376,385,388,393,393,408,415,416,424,424,427,429,429,430,430,430,436,435,435,436,438,439,439,442,442,444,444,445,445.138011378853,445.138011378853,445.138011378853,445.138011378853,445.138011378853,9903.23974464892,1.41414247388961,1.20844902314203,1.20985998454068,14.5539171976733
"39","2020-05-20",143,161,182,205,228,253,253,262,265,265,268,298,314,328,335,337,342,347,354,358,359,362,364,366,371,378,380,381,383,409,417,418,424,424,426,428,429,431,431,436,439,439,439,439,439,442,446,450,450,450,451,451,451.519284612477,451.621636428258,451.621636428258,451.621636428258,451.621636428258,451.621636428258,10354.8613810772,1.40423940616723,1.2068475816897,1.20479967218637,14.8813242712241
"40","2020-05-21",140,157,196,225,236,242,256,258,258,268,296,313,325,328,332,340,342,343,346,353,356,357,357,362,368,374,375,375,404,412,415,420,420,424,428,428,428,428,428,430,430,430,430,430,433,433,436,437,437,437,438,438.458433556269,438.91371659738,439.100845746135,439.100845746135,439.100845746135,439.100845746135,439.100845746135,10793.9622268233,1.38739874380762,1.19705450222406,1.19698671294031,15.4197761605337
"41","2020-05-22",81,142,188,217,236,249,254,260,269,304,316,330,335,335,339,341,348,349,356,358,361,362,363,366,368,371,373,393,403,406,413,414,415,416,417,418,418,421,422,423,423,424,424,424,424,427,430,430,430,430,431.249259297348,431.845356004423,432.58248962506,432.691035532961,432.691035532961,432.704678915502,432.711606865109,432.71246184406,11226.6746886674,1.36994199983738,1.1869902656234,1.18691911142416,16.1798147847651
"42","2020-05-23",141,163,203,222,244,248,251,266,296,320,325,327,328,330,334,336,337,344,350,350,351,356,360,361,365,366,389,400,407,410,411,411,413,413,414,414,418,419,419,419,419,419,420,420,422,422,422,422,423,423.254528403105,424.526179226091,425.13279050437,425.575657255046,425.83685451997,425.83685451997,425.855461708982,425.881863805067,425.887310086735,11652.5619987541,1.35809314592899,1.17664141222577,1.17741099306188,16.9766314684014
"43","2020-05-24",184,221,243,259,264,268,278,304,327,338,349,350,353,358,362,366,371,373,378,382,383,391,393,394,394,409,421,425,435,437,441,444,445,445,445,447,447,448,448,449,449,450,451,452,452,452,452,453,453.391990355084,453.794279119326,455.243408782533,455.693288816767,456.11107282742,456.111389210775,456.111389210775,456.111389210775,456.111389210775,456.111389210775,12108.6733879649,1.34285646831376,1.16937088217257,1.17022348806362,17.6379223393823
"44","2020-05-25",193,227,240,249,260,279,293,321,344,351,352,358,366,373,377,387,387,388,390,392,399,402,409,412,426,433,438,443,443,444,445,445,448,449,453,455,457,457,458,458,461,464,465,466,467,467,467,469.53804028846,469.631260117749,470.220787502728,471.097062434087,471.26788465659,471.712176006086,471.712176006086,471.80589971922,471.80589971922,471.80589971922,471.80589971922,12580.4792876841,1.33012729641411,1.16551077568358,1.1657049164473,18.0829672606291
"45","2020-05-26",173,206,218,230,247,275,298,315,319,320,325,331,342,351,358,359,360,360,364,374,380,388,388,398,421,424,433,437,444,444,444,445,445,448,450,451,452,453,453,453,457,458,462,462,464,464,464.862417959885,467.304655737272,467.540183891112,467.9712444946,469.085086437197,469.176388478549,469.667197715693,469.667197715693,469.713098028477,469.713098028477,469.713098028477,469.713098028477,13050.1923857126,1.31777001488468,1.16242723224945,1.16213595316793,18.4519843230756
"46","2020-05-27",168,180,192,222,274,309,337,342,344,352,357,367,368,371,372,373,378,382,389,389,395,395,404,413,415,418,419,420,421,423,423,424,426,427,428,428,428,428,429,429,434,438,438,438,438,439.173010015814,441.014868859505,442.727513149005,443.100852367879,443.35511954212,444.577083174847,444.958803073772,445.430475184332,445.536880958102,445.5455699828,445.549139121122,445.554060062762,445.555235846739,13495.7476215593,1.30332479836204,1.15817857248923,1.15794429206439,18.906643202975
"47","2020-05-28",165,188,220,270,316,328,334,337,344,354,360,365,368,373,374,376,381,386,389,392,392,402,413,420,421,425,428,430,431,431,433,435,439,444,445,446,446,446,448,452,453,457,458,459,459.948589087593,460.130119040096,460.83189108623,463.083408739032,463.283419857931,463.724423333287,464.755391522237,464.93707120933,465.408111620643,465.418752540554,465.465503696663,465.465503696663,465.465503696663,465.465503696663,13961.213125256,1.29342801390966,1.15299279102964,1.15206772283194,19.5861901948757
"48","2020-05-29",101,155,203,248,269,282,284,290,299,310,318,322,329,331,332,339,344,347,354,359,375,392,393,397,403,410,411,411,411,411,411,413,414,414,414,414,415,419,422,423,423,424,424,424,424.711130196578,426.516531972542,428.669242889895,428.988173045403,429.513689169248,429.72396891837,430.869159599145,431.441569284435,432.018044325233,432.17423334616,432.17423334616,432.185454457682,432.196026629734,432.197979695204,14393.4111049512,1.28207251961085,1.14410673677925,1.1450156737216,20.474250488893
"49","2020-05-30",163,215,253,282,300,308,316,333,341,348,355,358,359,362,365,371,375,384,384,399,419,421,429,429,432,437,438,441,442,444,449,451,451,451,451,452,454,458,459,460,460,460,461.64012065836,462.367534026506,463.328759352333,463.434897150011,464.062138194284,466.528708352874,466.691696160239,467.142233825471,468.216449585771,468.363078286468,468.832616311228,468.832616311228,468.884410146768,468.884410146768,468.884410146768,468.884410146768,14862.295515098,1.27545303055989,1.13885643029824,1.14026614268031,21.1226035953619
"50","2020-05-31",218,267,316,331,336,350,361,383,389,391,402,405,408,412,421,426,427,429,440,456,459,467,470,476,479,479,484,484,485,486,487,487,488,488,490,491,495,496,496,497,497,499.393032192881,502.973403849342,504.506049127741,505.821548057234,505.821548057234,505.821548057234,510.452732651649,510.452732651649,511.327597472474,512.164175932497,512.164175932497,512.533437655207,512.533437655207,512.667124302972,512.667124302972,512.667124302972,512.667124302972,15374.9626394009,1.26974790274569,1.1392449733455,1.13958238703652,21.2195704982128
"51","2020-06-01",254,307,324,336,353,377,401,414,422,429,430,438,443,450,454,456,457,473,489,492,500,504,509,510,512,512,514,516,518,518,520,521,521,524,528,530,532,532,533,533,533.303793460063,536.462865170947,541.576133537333,543.896781942272,545.350532338777,545.350532338777,545.350532338777,552.17879818705,552.17879818705,553.438973848468,554.060023878911,554.060023878911,554.336875743069,554.336875743069,554.546585450385,554.546585450385,554.546585450385,554.546585450385,15929.5092248513,1.26620845363545,1.14098317115686,1.14055919321191,21.0813330176536
"52","2020-06-02",220,241,253,274,303,331,349,354,359,361,367,376,382,388,393,396,416,432,433,437,440,446,450,451,454,456,459,462,465,466,466,466,467,468,474,476,477,477,478,478.819224173442,479.836318927952,481.760814157643,484.94705528762,485.974712562921,487.353723323452,487.36085711553,487.720471983869,491.40067939697,491.512970709613,492.204967625009,493.148293831183,493.224631394627,493.639946366456,493.64133998457,493.739261676354,493.739261676354,493.739261676354,493.739261676354,16423.2484865277,1.25846792147738,1.14102545718841,1.14095878794239,21.0253338755066
"53","2020-06-03",211,237,261,306,337,358,374,381,383,389,393,402,407,411,412,437,451,453,462,467,476,484,486,489,491,493,497,496,497,497,497,501,502,507,510,511,512,512,512.637982354453,513.149185872672,513.446062382665,516.166361842851,520.458864434603,522.337797335911,523.721718624533,523.721718624533,523.750931185117,529.386552529799,529.389386491576,530.434647915266,531.175552676776,531.177667978495,531.506466091839,531.506466091839,531.674083809124,531.674083809124,531.674083809124,531.674083809124,16954.9225703368,1.25631591859731,1.1408010662359,1.13986937718228,21.1787556530866
"54","2020-06-04",207,229,276,310,338,351,359,363,373,385,391,399,405,405,426,439,444,451,456,462,468,472,474,475,477,479,479,481,481,482,487,489,497,505,505,505,505,505.296790875131,505.864558489256,506.498907273136,506.844318821632,509.42445123321,513.421364297184,515.16483144699,516.527813173663,516.527813173663,516.572337060661,521.815360578158,521.834483595041,522.811243629372,523.590597995894,523.603921937274,523.948061768673,523.948061768673,524.102461953808,524.102461953808,524.102461953808,524.102461953808,17479.0250322906,1.25197036070389,1.13684991906892,1.13599588545034,21.7441399247237
"55","2020-06-05",136,212,285,319,336,345,352,357,372,385,393,400,403,418,428,430,444,452,460,467,468,468,475,477,481,482,483,484,483,485,486,489,491,491,491,493,494.48846622294,495.045634750688,495.751359010596,496.442712631508,496.991537531587,499.384265507885,502.983994899891,504.49418570917,505.816586700686,505.874843326679,506.075906818986,510.753844214144,510.811248890706,511.688814151806,512.519631203495,512.56873028692,512.938736072582,512.943574919654,513.078446968686,513.078728288401,513.079006333075,513.079059922393,17992.104092213,1.25002363658076,1.12948263742764,1.13109225747104,22.5077445330954
"56","2020-06-06",190,258,306,335,356,365,380,392,403,424,430,436,450,461,466,473,483,488,490,491,493,495,499,501,502,506,506,506,511,512,512,519,519,519,519,520.307270686744,521.740714667884,521.740714667884,522.291692258268,522.651243561336,522.779984967536,525.644645440773,530.368217404044,532.451726702778,533.912026772904,533.912026772904,533.912026772904,540.093162738939,540.093162738939,541.237681061889,541.924455762113,541.924455762113,542.228643322299,542.228643322299,542.41598618167,542.41598618167,542.41598618167,542.41598618167,18534.5200783947,1.24708326917375,1.12855383595998,1.12826414401855,22.974659630702
"57","2020-06-07",239,294,325,340,357,372,392,411,424,434,435,462,468,473,482,492,499,505,506,507,508,510,515,518,519,519,521,523,526,531,533,536,536,536,538.102516700979,539.753534112665,541.642077511514,541.642077511514,542.033137342951,542.117561099322,542.117561099322,545.153654122439,550.803001405618,553.297697792081,554.92090793456,554.92090793456,554.92090793456,562.2222887926,562.2222887926,563.566420139671,564.145431920048,564.145431920048,564.401093150094,564.401093150094,564.628252051136,564.628252051136,564.628252051136,564.628252051136,19099.1483304458,1.24222404817434,1.1264662667266,1.12719862111727,23.155953642607
"58","2020-06-08",278,325,359,370,385,410,434,448,461,463,475,484,492,497,506,518,528,530,533,538,539,541,543,546,546,548,552,554,557,565,566,567,568,569.819915616941,572.804462699792,574.888595762958,577.017927533224,577.017927533224,577.072477407533,577.072477407533,577.126190433289,580.886250793302,588.118099531428,591.328503535074,593.120106641464,593.120106641464,593.120106641464,602.541710594709,602.541710594709,604.247913713207,604.639730657719,604.639730657719,604.799388300962,604.799388300962,605.098431720671,605.098431720671,605.098431720671,605.098431720671,19704.2467621665,1.23696508687325,1.1273081150559,1.12687872423046,23.2109763335095
"59","2020-06-09",259,298,312,329,356,382,404,411,414,436,447,457,467,481,491,501,501,505,511,512,515,516,518,521,521,525,526,527,530,532,532,532,532.782113566896,534.371990153386,536.32402075105,537.893048143606,539.552111844829,539.552111844829,539.942063465519,540.145582600155,540.299997313631,543.450194681916,548.994030391105,551.441664417428,553.019059892665,553.019059892665,553.019059892665,560.244354800422,560.244354800422,561.569004738549,562.161376461316,562.161376461316,562.419000507047,562.419000507047,562.642232976212,562.642232976212,562.642232976212,562.642232976212,20266.8889951427,1.23403655566486,1.12643240008345,1.12655959326713,23.2661441299692
"60","2020-06-10",260,288,328,362,403,409,433,441,457,478,487,497,509,515,526,526,532,538,544,547,549,551,552,553,558,560,561,564,566,566,566,567.489798609873,567.930564723903,569.43938900115,572.123510162976,574.089929487779,576.083207782041,576.083207782041,576.206820388257,576.206820388257,576.230292011925,580.097887311656,587.280729258029,590.488027982028,592.278577792528,592.278577792528,592.278577792528,601.640785821248,601.640785821248,603.342362687686,603.733181317351,603.733181317351,603.895918555095,603.895918555095,604.193842885701,604.193842885701,604.193842885701,604.193842885701,20871.0828380284,1.23097482465317,1.12606545784573,1.12498342049849,23.5427425233108
"61","2020-06-11",199,234,284,329,353,380,384,402,417,427,437,450,465,477,477,480,481,486,487,491,496,497,498,499,500,503,505,507,507,512,513.383606520593,515.940532267345,517.764688506229,520.725222722498,522.171634200686,523.389143962728,524.697901181468,524.840904796055,525.341343509569,525.718133144262,525.95142364547,528.847611918012,533.739058114547,535.882284391891,537.370009071718,537.373485446873,537.406468731667,543.779930126978,543.790796191188,544.967415358494,545.638558708121,545.64660786053,545.941924490358,545.942233741974,546.136085011711,546.136100957653,546.13611671798,546.136119755572,21417.2189577839,1.22530970224128,1.12137036621905,1.12180721729509,24.1218486336601
"62","2020-06-12",195,292,343,371,403,415,437,453,471,488,498,512,527,528,531,536,542,547,554,560,560,560,564,567,569,570,574,574,576,580.076183604507,580.470759884703,581.498704034554,581.689836502551,583.223898955263,586.166830621329,588.182278632813,590.405523106127,590.405523106127,590.405523106127,590.405523106127,590.405523106127,594.459528387858,602.26560987806,605.776386011612,607.642223902509,607.642223902509,607.642223902509,617.844095384895,617.844095384895,619.691372682556,620.005193111164,620.005193111164,620.130600246773,620.130600246773,620.457491596637,620.457491596637,620.457491596637,620.457491596637,22037.6764493806,1.22485265405498,1.11842267889653,1.11857527434819,24.7429293762107
"63","2020-06-13",233,303,346,386,396,411,433,448,461,478,494,502,503,505,510,519,520,523,524,525,525,530,531,532,535,539,539,540,542.624923266384,546.007568864533,546.651157179887,548.697596912345,549.308146658998,550.756372028237,552.94406885787,554.677950328458,556.508981239874,556.525534967096,556.782427079294,556.907099698583,556.987871403614,560.426598987099,566.732033098099,569.530986869965,571.208176746458,571.208768336623,571.214227622396,579.428918845834,579.430588581155,580.929699183113,581.428987406308,581.430236973014,581.644022326543,581.644075070702,581.901916061639,581.90191879975,581.901921506001,581.901922027596,22619.5783714082,1.22040270132354,1.11608537338066,1.11573078802659,25.3182240022568
"64","2020-06-14",274,327,363,381,405,422,438,454,471,492,502,503,510,517,525,528,530,533,535,536,538,539,542,548,550,550,551,552.436454306508,554.906115241396,558.615391482756,559.27542314141,560.777770850095,561.172926165011,562.451130819904,565.037771206285,566.921325440528,568.93483631347,568.934848214751,569.095840784387,569.138424927969,569.171180808656,572.817374280693,579.67797644647,582.735267504332,584.484295254301,584.484352007844,584.485850071131,593.424307737074,593.424788378459,595.050602967674,595.482543036448,595.482885721047,595.664502727155,595.664509079094,595.947491937943,595.94749219611,595.947492451293,595.947492500481,23215.5258639087,1.21552675869326,1.11232972644853,1.11319405823332,25.8556418385718
"65","2020-06-15",261,320,355,377,401,427,451,478,490,505,510,514,525,527,530,536,537,537,537,540,543,545,549,551,551,552,554.348648030796,555.863306247729,558.367846082405,562.726069247889,563.314627585907,564.638757102619,565.197076822036,566.741952038637,569.447525120628,571.389839339314,573.434188985249,573.43492894928,573.551581337748,573.58389272837,573.625245022861,577.362498335229,584.424782109793,587.572626073638,589.345269920985,589.345269920985,589.345561639731,598.552528894932,598.552646788757,600.224488788626,600.632545883071,600.632602760626,600.802132146251,600.802132146251,601.094260365962,601.094260365962,601.094260365962,601.094260365962,23816.6201242746,1.20870492598602,1.11203140665556,1.11188491795334,26.1425137431818
"66","2020-06-16",319,358,385,412,445,479,508,523,544,546,548,559,566,573,577,579,581,583,588,593,596,602,609,610,611,611,614.397778161553,615.780249492452,618.764665272295,622.411963140944,622.508150459006,622.508150459006,622.508150459006,624.286408337714,628.727782830029,631.083730047821,633.730474112153,633.730474112153,633.730474112153,633.730474112153,633.730474112153,638.569807861649,648.353651229062,652.7784348976,654.902886228316,654.902886228316,654.902886228316,667.680888491886,667.680888491886,669.979264206066,670.053543976439,670.053543976439,670.064515260779,670.064515260779,670.480859582399,670.480859582399,670.480859582399,670.480859582399,24487.100983857,1.20823185984419,1.11114713205372,1.11111672335491,26.3139924171671
"67","2020-06-17",286,318,341,388,433,467,488,504,505,509,523,528,535,546,549,550,550,553,556,558,562,569,569,570,572.360762391793,573.333606402795,575.752790475684,577.380246206927,579.769388308972,582.652118049061,582.933529273678,583.832006453408,584.136906109599,585.696837660832,588.912449902337,591.003982652024,593.237760263683,593.237760263683,593.286222657164,593.286222657164,593.2976386594,597.416260510115,605.368242144783,608.93559030545,610.823394284074,610.823394284074,610.823394284074,621.199245948754,621.199245948754,623.076820221049,623.374860222241,623.374860222241,623.492509622897,623.492509622897,623.825405355436,623.825405355436,623.825405355436,623.825405355436,25110.9263892125,1.203144397638,1.11014122265663,1.10942373732017,26.7003983610826
"68","2020-06-18",209,247,303,351,387,419,439,444,450,453,466,478,492,496,496,500,505,508,512,513,520,520,521,523.127823237929,524.50232210953,526.834860816106,528.592851260945,530.240132410857,531.84912989784,536.188499713812,537.15415974234,539.083690020034,540.093966521649,542.03781978056,544.08124297297,545.661598318724,547.352794736626,547.410816161657,547.738665953394,547.933560331715,548.057748451771,551.332805113533,557.232278310568,559.843235673838,561.467154705962,561.46859192315,561.4823408309,569.166152319299,569.170722608273,570.577004474441,571.125673140127,571.129057082363,571.366393797905,571.366523551699,571.605950231572,571.605956916513,571.605963523642,571.605964797078,25682.5323540095,1.19915346640631,1.10626537191372,1.10599263221495,27.5213372425207
"69","2020-06-19",155,252,322,364,386,414,416,425,437,443,450,460,468,472,475,481,483,490,493,499,499,499,499.535170022531,501.814127768712,502.956929451179,506.397277932104,507.515107478344,509.19267691074,510.591814465301,514.760705711601,515.746175287166,517.76923452017,519.097080272703,521.214706929988,522.6891653539,524.057533599181,525.487813135102,525.55986004721,526.000387696261,526.27145654741,526.449905676609,529.341087235179,534.259589482048,536.41276155839,537.908409635619,537.910200465584,537.927296813928,544.328397070323,544.334025929719,545.515189115743,546.183791954579,546.187960188339,546.482196876313,546.482356999165,546.67713152385,546.67713977568,546.677147931459,546.677149503377,26229.2095035129,1.1901985022677,1.10129856237575,1.09998442361469,29.094486223465
"70","2020-06-20",193,272,320,343,366,371,378,388,398,405,414,417,419,425,430,437,441,447,447,447,447,447,447,449.758206363542,451.411231195081,456.981964682469,456.981964682469,458.61107120133,459.490267030251,463.831185964986,465.237457035134,468.38297007016,470.26944570293,472.430844284884,472.481986019296,473.390780906546,474.254080198572,474.354203241321,475.006881774742,475.402305229947,475.659934278045,477.624374810012,480.240050864141,481.317672369953,482.516501165704,482.519037134049,482.543212597474,485.924562743605,485.932482598905,486.584667277797,487.534643340858,487.540511633386,487.968926537475,487.969153229794,488.059020375743,488.059032062545,488.059043613319,488.059045839578,26717.2685493525,1.18115678863068,1.09107519779355,1.09248557358239,31.3444671129292
"71","2020-06-21",284,340,380,403,415,435,449,458,463,471,474,474,479,492,502,507,507,510,511,511,513.558287686068,514.560111658356,516.012855807423,518.515611187261,520.113982179901,522.703430449798,524.040594233232,525.647872733936,527.263321974889,531.292775295249,532.189965187341,534.160467222812,535.18351633081,537.066090838471,538.94491639646,540.499341843951,542.138946883652,542.19079835362,542.523245967438,542.713697821349,542.839377305901,546.024245240491,551.687207515612,554.187107027595,555.779251812003,555.780624310116,555.793839697217,563.168691106027,563.173034405081,564.524940689116,565.102649117646,565.105863069244,565.356865007031,565.35698781689,565.585628747523,565.585635069297,565.58564131749,565.585642521748,27282.8541918742,1.17519863008095,1.08649333636671,1.0869104212148,33.2687243223476
"72","2020-06-22",302,354,376,384,405,422,431,440,448,452,455,461,475,478,483,482,488,489,493,495.248355419963,497.732739786177,498.082805548513,498.874667232864,501.149802181393,502.485637181916,505.747564537043,506.90930168557,508.561878712682,509.880413481447,514.175636341356,515.242315107669,517.506616080323,518.820760343378,520.895058500128,522.326678653343,523.70176604481,525.133378121548,525.205673315913,525.628388848137,525.88596130681,526.054348529738,528.935525559397,533.83654385767,535.981077206979,537.474383582737,537.47627094901,537.494316510483,543.871677480645,543.877683971194,545.054806599734,545.725534851342,545.729981974485,546.025283352757,546.025454103533,546.219428694136,546.219437492731,546.219446188913,546.219447864986,27829.0736397392,1.16847283512638,1.08357981433223,1.08383432687692,34.4399326931232
"73","2020-06-23",251,301,319,347,374,400,417,429,437,440,446,468,470,477,480,487,488,488,490.37104094947,492.32093877772,494.491292461114,494.92058870011,495.607383092481,498.092942553219,499.580291719147,503.066412428594,504.053447951057,505.673026391214,507.067502574752,511.272622387943,512.33415176344,514.630739559473,515.931662923918,517.931820162069,519.276707715544,520.634785907304,522.041629285461,522.10999381515,522.541342952636,522.797983006133,522.966174273579,525.789790282367,530.551091738747,532.63027922501,534.106045481266,534.10778721318,534.124463264341,540.317949762022,540.323496227635,541.468397730549,542.15624304421,542.160349700706,542.46383376966,542.463991454896,542.651578046278,542.651586169858,542.651594198883,542.651595746371,28371.7252354856,1.15863961414581,1.08168434247649,1.08227780599969,35.06592093604
"74","2020-06-24",262,281,311,345,372,395,414,429,430,437,451,460,468,473,479,479,483,486.391143055877,488.756415323388,490.752231456932,492.827789636031,493.219358080431,493.914538903739,496.389604861,497.861283176088,501.441235207523,502.376478921434,503.998708230157,505.374817213251,509.577183837253,510.645521470577,512.960051342048,514.287570426144,516.303168973161,517.605607738723,518.945404081922,520.331063829991,520.401104875169,520.843252918986,521.107386271093,521.280402894055,524.073818716136,528.75862019862,530.802129458126,532.268018550291,532.269810420157,532.286957944432,538.380260412153,538.385938298317,539.513282109426,540.210472804264,540.214677306532,540.522611101841,540.522772734262,540.706876638414,540.706884966789,540.706893198225,540.706894784726,28912.4321302703,1.1513885104092,1.08216272471353,1.08111687160178,35.5484488158293
"75","2020-06-25",236,265,299,326,364,383,397,398,403,415,426,434,441,449,451,455,458.978503177724,463.559178812003,465.048117463311,466.206374757639,467.306166742838,467.306166742838,467.424561411664,470.07320399678,471.594627434253,476.225368222246,476.662760324329,478.309968095056,479.360212420086,483.687351466643,484.962228816998,487.752790129782,489.407315360799,491.523702170163,492.120311448071,493.213773615146,494.302760547211,494.391454640197,494.952852472916,495.292569346608,495.514017643465,497.83908884108,501.355182295856,502.853212014499,504.168199594723,504.17045303053,504.191966421554,508.753542056722,508.760625642921,509.619615427095,510.459565125289,510.464812232081,510.84079423241,510.840996405287,510.971878271225,510.971888691372,510.971898990233,510.971900975203,29423.4040312455,1.14565820946594,1.07845769450356,1.07912018501711,36.4114507986709
"76","2020-06-26",199,293,353,396,431,445,451,459,471,473,484,488,492,492,492,495.805258416845,498.212193505688,501.395902044952,503.967745494096,506.703828749768,508.884861032364,509.754615449643,510.958741334888,513.209388420847,514.527564943343,517.434501701132,518.786309333626,520.410353792195,521.992477318833,526.1295487683,527.057288627034,529.0290396973,530.160799324157,532.133805750323,533.891513908669,535.387781198242,536.961414488598,537.019980212328,537.38745058348,537.605274325109,537.749425032477,540.842898378073,546.274663201603,548.66671428551,550.228977137928,550.230468097573,550.244750898473,557.3172576277,557.321981620284,558.620823823881,559.226808697922,559.230304735118,559.494730334134,559.494864414043,559.712981984598,559.712988892557,559.712995720112,559.712997036033,29983.1170282816,1.14311935417901,1.07740262634781,1.07744852072677,37.1681785463996
"77","2020-06-27",248,321,363,393,422,430,448,461,472,479,486,488,489,489,493.070092913059,496.346362047141,498.903548118392,501.580381218841,504.219999198931,506.278444602078,508.875153732025,509.862445789675,511.040225438867,513.298799686103,514.733422650479,517.646172599182,518.986693895791,520.606087362915,522.171385985557,526.287653196706,527.223416659083,529.222613693201,530.348311647904,532.317339459855,534.076909358756,535.572842460968,537.147866593453,537.207113867751,537.574610999448,537.792617311096,537.93588409722,541.032621855404,546.472799401584,548.868951599761,550.432381096799,550.433899152639,550.448435911732,557.53185785716,557.536669500665,558.83749111962,559.442389943934,559.445952154483,559.709900525081,559.710037222769,559.928546124418,559.928553166836,559.928560127283,559.928561468817,30543.0455897504,1.1431949165511,1.07653113570792,1.07671236930034,37.5118738671839
"78","2020-06-28",273,326,374,404,413,427,455,470,478,489,496,498,500,505.137695680036,510.127200256522,513.653942320876,514.658810055399,517.292501796773,519.55653778061,520.884670228944,524.17394346407,525.971997540816,527.111982859976,529.222367277698,530.821866066248,533.069596562531,534.709352735725,536.329539218388,538.090547549956,541.996852707394,542.78930955723,544.519409711022,545.42071171408,547.283198341649,549.454803573444,551.111695037612,552.871152231229,552.915712633652,553.19805093985,553.358340914153,553.465508518424,556.846046819937,562.990868679399,565.715681662354,567.370189466522,567.37134185673,567.382411692002,575.389086133908,575.392745960459,576.855341919064,577.374158592246,577.376866992255,577.599800184848,577.599903785694,577.850497688207,577.850503023074,577.850508295845,577.850509312104,31120.8960990625,1.14067596741148,1.07638457943771,1.07697804789912,37.3870757310991
"79","2020-06-29",320,369,418,425,444,478,502,519,528,534,537,539,539,539,542.739160526446,545.222931821212,545.222931821212,546.300682830464,549.667004066433,551.617832546831,556.774556910408,558.649279855948,560.564781498964,562.436525952395,563.863027313749,564.687150005397,567.074987972172,568.688786487201,570.804372375482,574.681687931013,575.253973123318,576.406360585893,576.912256164186,578.677975429352,581.74982064509,583.710359245694,585.842890566989,585.867453745361,586.00445049146,586.074905155507,586.123103103452,590.095438987477,597.721489480184,601.137847076959,602.983824030884,602.984469679397,602.990742875741,612.938465992662,612.940574086145,614.743304439081,615.081150487965,615.082707358598,615.219422221455,615.219480845682,615.537533096652,615.537536110381,615.537539089032,615.537539663129,31736.4336387256,1.14040567967044,1.07861189701313,1.07786853787146,36.9749907213283
"80","2020-06-30",296,360,381,397,423,460,484,489,498,501,503,505.375100361301,507.179805096976,509.09261105533,513.136442880964,516.471525946165,517.473403050361,519.490014943656,522.142013789968,524.032911852792,527.365283115379,528.761871798452,530.159066390142,532.291960212883,533.752249950825,535.84679389022,537.570056897107,539.188477885281,540.970476582134,544.961453064905,545.748729924741,547.420260771417,548.299685551422,550.177434128079,552.439150481143,554.117830575928,555.909277545653,555.953930221956,556.228924060318,556.386615000972,556.491517323141,559.925831387611,566.207796760012,568.996738340434,570.668921563788,570.67007602482,570.681175016925,578.867651787343,578.871334377365,580.365427903139,580.867497080151,580.870221617433,581.085168073029,581.08527212941,581.342112809686,581.342118167436,581.342123462823,581.34212448344,32317.7757632091,1.13908391171038,1.07786577802186,1.07778121531646,37.0149832080781
"81","2020-07-01",310,340,373,413,441,456,476,480,481,484,490.272840967896,493.734381853887,496.709994577117,499.544641532602,503.720610849842,506.5555664374,508.265366271859,510.591927080658,513.154691860965,514.992642125669,518.023682195397,519.183253221289,520.412136083962,522.626016827326,524.089507189657,526.579616771423,528.097859977517,529.718062983585,531.387948569109,535.436491024761,536.300062027683,538.147047606644,539.147624397636,541.063363408863,543.066397742338,544.653965015846,546.336132765654,546.387672892337,546.707361449959,546.893564644815,547.016726644708,550.278630644532,556.130824042623,558.719171298817,560.335828954063,560.337158536741,560.349918277624,567.973168999947,567.977397587448,569.372806129208,569.927379926707,569.930509376091,570.170476005394,570.170595806162,570.407864470063,570.40787064015,570.407876738419,570.40787791378,32888.1836411228,1.13751010267621,1.07678140820899,1.07648498177889,37.6193736670977
"82","2020-07-02",237,283,345,390,416,429,441,450,454,460.154020385051,467.728602611843,473.742893461479,478.55697270781,483.088721392274,486.856684578753,490.133321803052,492.713762481142,495.490000378411,497.831470867256,499.580044096448,501.93276521165,502.71081531838,503.621243083538,505.973633341552,507.44060820216,510.610498206425,511.786368940711,513.413754398748,514.886621477841,519.030420521835,520.024388564352,522.168742107139,523.379073092603,525.362513872357,526.920205075514,528.350631042345,529.844348598588,529.90784512606,530.304609559285,530.540069648342,530.694821262637,533.659864981301,538.77169304477,541.014488955213,542.53548958625,542.537118241283,542.552712981725,549.205712160098,549.210869972695,550.436277863594,551.0812976898,551.085116264101,551.368184578057,551.368331165907,551.57188388896,551.571891441097,551.57189890533,551.571900343962,33439.7555414668,1.13650193247376,1.07451133267574,1.07424562221464,38.7132123752243
"83","2020-07-03",190,309,376,403,419,436,443,452,460.074152835177,465.353289317464,473.486746029649,479.122920093722,483.712334280267,486.843749711005,490.068070675769,493.21952903337,495.815073694096,498.399493326966,500.943654415484,502.984246728965,505.415650652198,506.25457758221,507.251533798137,509.556980488784,510.990313068315,514.021427170258,515.278776163465,516.904684604407,518.422427964142,522.556849447659,523.521792809833,525.593794032383,526.763347137191,528.739226734996,530.394444193276,531.857762498566,533.391329623602,533.45252932383,533.833816626557,534.059880918823,534.208719856361,537.23774711131,542.508933327815,544.826105707939,546.367666354318,546.369235307249,546.384261498357,553.246180238949,553.251155723616,554.513156107662,555.138714610802,555.142397843339,555.416183578122,555.416324911827,555.627135011099,555.627142292439,555.627149489029,555.627150876076,33995.3826923429,1.13381749670245,1.07117841529808,1.07152889158178,40.1321351127937
"84","2020-07-04",279,330,379,405,426,432,448,458.70862876926,466.135175604948,472.238748921727,479.733739515233,484.539566987344,487.582422225156,490.558245425462,494.333188716416,497.643127942028,499.813778201451,502.332029941803,504.818791405228,506.720258161506,509.371068394958,510.350403625481,511.41297132546,513.69165371879,515.153306429338,518.022168961888,519.358382975281,520.980980430337,522.550508604233,526.648610732408,527.5803252488,529.581414552858,530.695060323316,532.648450489197,534.413742852768,535.91671822071,537.497702391318,537.555673157088,537.917406905638,538.130599101521,538.271073817945,541.373951836927,546.829425426928,549.232624955195,550.798040466836,550.799527298533,550.813774533559,557.917138101837,557.921855613358,559.226170896567,559.82920954717,559.832701700502,560.095763737761,560.095897668885,560.315099956826,560.315106856164,560.315113675197,560.315114989475,34555.6978073323,1.13137695145007,1.06924740305522,1.06956039925779,41.2294815331149
"85","2020-07-05",333,388,422,441,447,460,480.554579673777,491.000720498502,498.396649068667,504.199895900397,508.734718060698,510.78474657362,512.139295949814,514.332121998841,518.399110856152,521.464981944594,522.381377023408,524.374669788589,527.129528912165,528.920268525803,532.682844371051,534.269115498334,535.712062739448,537.779009030946,539.2620173915,541.131905157822,542.976177923783,544.594064716969,546.440004905988,550.391054905762,551.136169169207,552.714970141685,553.523303533537,555.375557261679,557.783467682095,559.51489280875,561.369046701238,561.409647079444,561.658149347825,561.798722897009,561.892595285453,565.42520667471,571.952188665853,574.855481146078,576.559370533589,576.560421330098,576.57053358486,585.078044595153,585.081402941018,586.631757762846,587.103887425228,587.106371692171,587.307058889989,587.307153647697,587.575152611443,587.575157489692,587.57516231116,587.575163240434,35143.2729705728,1.12925003376209,1.06856837562261,1.06919885022696,41.4378128439437
"86","2020-07-06",365,413,443,460,480,507.663292260879,535.957928804433,553.310580490105,562.945666850445,567.336840486169,567.580494509743,567.580494509743,567.580494509743,567.580494509743,571.935048643531,574.035164354462,574.035164354462,574.071190372078,577.97604356377,580.011410602374,586.631192606715,589.184870046821,591.654496959354,593.266493644484,594.688587867614,594.688587867614,597.733629281469,599.337440608279,601.813698371752,605.52325228852,605.856121672278,606.456458863709,606.570862056641,608.213969003351,612.123712019079,614.378558986675,616.865157557919,616.86762466946,616.86762466946,616.86762466946,616.86762466946,621.398810208493,630.41942685163,634.4866906683,636.512867839868,636.512959227448,636.513978016534,648.289246585494,648.289635451776,650.412589187706,650.580059836444,650.580341723544,650.635873172737,650.63588221726,651.017443821818,651.017444277453,651.017444727785,651.017444814582,35794.2904153874,1.12786114605235,1.07041124660738,1.06999155961612,40.9838516621419
"87","2020-07-07",360,402,422,436,451.125063291139,471.87549057354,495.137784832228,505.11669256322,513.052270041031,517.571176307059,520.527747621489,522.408775147596,523.629500450174,525.097117635547,529.172180163181,532.037048024818,532.787050493943,534.326496296466,537.33605054648,539.222982211125,543.541297221264,545.271547652785,546.941407407585,548.924171474038,550.381600155451,551.881543975285,553.968018683644,555.582964987767,557.553936464163,561.466437940221,562.130533182332,563.512420692725,564.182745291434,565.995398278927,568.705897130354,570.541849955869,572.522877877951,572.556017533249,572.755370190195,572.868727167874,572.944282002585,576.67750756647,583.705776818353,586.843070172395,588.611741293898,588.612604884737,588.620944197721,597.785368980883,597.788149694938,599.453612713145,599.864498648799,599.866554419131,600.038061095527,600.038139155377,600.328967331915,600.328971348491,600.328975318316,600.328976083448,36394.6193914708,1.12614864519553,1.07057536962713,1.07025902115012,40.8329947351297
"88","2020-07-08",306,339,363,398.970573886469,422.374969187244,437.037969202222,453.163565784855,462.777266431541,468.538567856249,474.040746550055,481.099620242041,485.433283940311,488.786578937092,491.922401625542,495.810369172735,498.99301255435,501.081585095985,503.636237601751,506.11440400104,507.966095457914,510.651730787432,511.679885022927,512.763081195264,515.029315911589,516.495245095355,519.292669576851,520.655973496771,522.279020195136,523.861961778621,527.94850625146,528.869341719314,530.848161554643,531.944843365668,533.892233403488,535.692140819229,537.207945415256,538.803914258688,538.86087138854,539.215752150445,539.424024219279,539.561474994164,542.687922174487,548.201934512193,550.63244368302,552.205406392986,552.206869812094,552.22089569353,559.400984000942,559.405627250821,560.723384833742,561.319272462827,561.322709509668,561.582362490996,561.582494273805,561.804362527121,561.804369315586,561.804376025036,561.804377318193,36956.423768789,1.12369914289153,1.06947409873886,1.06935677634934,41.3465457919504
"89","2020-07-09",303,342,382.348715564843,409.878101119265,429.830959705839,446.477740542248,463.900775109059,473.792835542404,480.492217965966,486.12148953877,492.097428971484,495.927839144205,498.815932233346,501.759203020897,505.677211155043,508.792936338385,510.486068514121,512.740701780634,515.366309439093,517.199737689681,520.387162103812,521.627862182955,522.870847003534,525.05309167107,526.520692523578,528.936122792585,530.513781901456,532.135002594777,533.832131602903,537.865453869616,538.710460439052,540.513856769004,541.483838076263,543.390335464141,545.459293829703,547.070083107601,548.780110312924,548.829962639713,549.138556656441,549.318646224637,549.437702465941,552.743672505036,558.705681440136,561.34528934726,562.976157473497,562.977441840802,562.989770325023,570.756917317817,570.761004446952,572.181630926716,572.722784768751,572.725809393958,572.959384810987,572.959500552915,573.201770677067,573.201776637878,573.201782529307,573.201783664802,37529.6255524538,1.1223056193074,1.0679035382925,1.06734825240722,42.5391749069353
"90","2020-07-10",218,305.377449369119,367.931037318167,399.442093823178,420.790308757143,436.625083035569,449.598626030484,458.83394664449,465.466791434586,470.897608767879,478.230347830619,483.1232968148,486.881575436921,490.086742478255,493.741288321452,496.9535541045,499.167815819282,501.733661417778,504.217249805972,506.120533366097,508.710220320386,509.670513502886,510.716899392864,512.999552391799,514.45633520892,517.333017834052,518.655940875413,520.280096795939,521.838941860693,525.941689313416,526.878797074865,528.892725026527,530.015973770146,531.973020237698,533.718851328405,535.215288561861,536.788127436243,536.846608113883,537.211031242365,537.425413036587,537.566821227687,540.656968160704,546.08049834244,548.468773687092,550.030038512922,550.031539708381,550.045923921341,557.107447306887,557.112211053424,558.409191504763,559.01613507298,559.019661406744,559.284581083959,559.284716328719,559.502463929917,559.502470897008,559.502477783007,559.502479110192,38089.128031564,1.12042062818558,1.06411183430501,1.06411183430501,NA
