"","ENTIDAD_RES","MUNICIPIO_RES","Nombre_Estado","Municipio","UCI","positivos","decesos","municipio","Defunciones_2018","porc_aumento","porc_mortalidad"
"1",1,1,"AGUASCALIENTES","AGUASCALIENTES",25,2302,158,"Aguascalientes",4250,0.0371764705882353,0.0686359687228497
"2",1,3,"AGUASCALIENTES","CALVILLO",0,52,1,"Calvillo",326,0.00306748466257669,0.0192307692307692
"3",1,5,"AGUASCALIENTES","JESÚS MARÍA",3,99,2,"Jesús María",453,0.00441501103752759,0.0202020202020202
"4",1,6,"AGUASCALIENTES","PABELLÓN DE ARTEAGA",1,106,6,"Pabellón de Arteaga",218,0.0275229357798165,0.0566037735849057
"5",1,7,"AGUASCALIENTES","RINCÓN DE ROMOS",0,184,5,"Rincón de Romos",219,0.0228310502283105,0.0271739130434783
"6",1,9,"AGUASCALIENTES","TEPEZALÁ",0,78,1,"Tepezalá",102,0.00980392156862745,0.0128205128205128
"7",10,12,"DURANGO","LERDO",3,275,9,"Lerdo",800,0.01125,0.0327272727272727
"8",10,36,"DURANGO","TLAHUALILO",6,70,13,"Tlahualilo",143,0.0909090909090909,0.185714285714286
"9",10,5,"DURANGO","DURANGO",17,1139,66,"Durango",3315,0.0199095022624434,0.057945566286216
"10",10,7,"DURANGO","GÓMEZ PALACIO",12,1159,80,"Gómez Palacio",1846,0.0433369447453954,0.0690250215703192
"11",11,1,"GUANAJUATO","ABASOLO",2,55,1,"Abasolo",604,0.00165562913907285,0.0181818181818182
"12",11,11,"GUANAJUATO","CORTAZAR",5,197,17,"Cortazar",718,0.0236768802228412,0.0862944162436548
"13",11,12,"GUANAJUATO","CUERÁMARO",0,53,0,"Cuerámaro",222,0,0
"14",11,14,"GUANAJUATO","DOLORES HIDALGO CUNA DE LA INDEPENDENCIA NACIONAL",0,188,7,"Dolores Hidalgo Cuna de la Independencia Nacional",899,0.00778642936596218,0.0372340425531915
"15",11,15,"GUANAJUATO","GUANAJUATO",22,270,12,"Guanajuato",948,0.0126582278481013,0.0444444444444444
"16",11,17,"GUANAJUATO","IRAPUATO",10,1234,73,"Irapuato",3555,0.0205344585091421,0.0591572123176661
"17",11,19,"GUANAJUATO","JERÉCUARO",1,53,1,"Jerécuaro",350,0.00285714285714286,0.0188679245283019
"18",11,2,"GUANAJUATO","ACÁMBARO",5,166,9,"Acámbaro",954,0.00943396226415094,0.0542168674698795
"19",11,20,"GUANAJUATO","LEÓN",26,5817,314,"León",8055,0.0389819987585351,0.0539797146295341
"20",11,21,"GUANAJUATO","MOROLEÓN",1,51,3,"Moroleón",371,0.00808625336927224,0.0588235294117647
"21",11,23,"GUANAJUATO","PÉNJAMO",21,175,3,"Pénjamo",1164,0.00257731958762887,0.0171428571428571
"22",11,25,"GUANAJUATO","PURÍSIMA DEL RINCÓN",3,56,5,"Purísima del Rincón",366,0.0136612021857923,0.0892857142857143
"23",11,26,"GUANAJUATO","ROMITA",5,189,4,"Romita",360,0.0111111111111111,0.0211640211640212
"24",11,27,"GUANAJUATO","SALAMANCA",8,558,24,"Salamanca",2052,0.0116959064327485,0.043010752688172
"25",11,28,"GUANAJUATO","SALVATIERRA",9,164,5,"Salvatierra",957,0.00522466039707419,0.0304878048780488
"26",11,3,"GUANAJUATO","SAN MIGUEL DE ALLENDE",4,120,3,"San Miguel de Allende",1010,0.00297029702970297,0.025
"27",11,30,"GUANAJUATO","SAN FELIPE",0,74,1,"San Felipe",580,0.00172413793103448,0.0135135135135135
"28",11,31,"GUANAJUATO","SAN FRANCISCO DEL RINCÓN",2,225,3,"San Francisco del Rincón",650,0.00461538461538462,0.0133333333333333
"29",11,32,"GUANAJUATO","SAN JOSÉ ITURBIDE",0,81,2,"San José Iturbide",413,0.00484261501210654,0.0246913580246914
"30",11,33,"GUANAJUATO","SAN LUIS DE LA PAZ",4,155,8,"San Luis de la Paz",647,0.0123647604327666,0.0516129032258065
"31",11,35,"GUANAJUATO","SANTA CRUZ DE JUVENTINO ROSAS",5,184,17,"Santa Cruz de Juventino Rosas",475,0.0357894736842105,0.0923913043478261
"32",11,37,"GUANAJUATO","SILAO DE LA VICTORIA",5,593,34,"Silao",1116,0.0304659498207885,0.0573355817875211
"33",11,4,"GUANAJUATO","APASEO EL ALTO",2,61,2,"Apaseo el Alto",464,0.00431034482758621,0.0327868852459016
"34",11,42,"GUANAJUATO","VALLE DE SANTIAGO",18,141,3,"Valle de Santiago",1048,0.00286259541984733,0.0212765957446809
"35",11,44,"GUANAJUATO","VILLAGRÁN",1,92,7,"Villagrán",416,0.0168269230769231,0.0760869565217391
"36",11,5,"GUANAJUATO","APASEO EL GRANDE",4,86,7,"Apaseo el Grande",555,0.0126126126126126,0.0813953488372093
"37",11,7,"GUANAJUATO","CELAYA",39,1013,78,"Celaya",3103,0.0251369642281663,0.0769990128331688
"38",11,9,"GUANAJUATO","COMONFORT",2,60,2,"Comonfort",507,0.00394477317554241,0.0333333333333333
"39",12,1,"GUERRERO","ACAPULCO DE JUÁREZ",103,4331,612,"Acapulco de Juárez",5008,0.12220447284345,0.141306857538675
"40",12,11,"GUERRERO","ATOYAC DE ÁLVAREZ",4,66,9,"Atoyac de Álvarez",323,0.0278637770897833,0.136363636363636
"41",12,12,"GUERRERO","AYUTLA DE LOS LIBRES",3,63,10,"Ayutla de los Libres",203,0.0492610837438424,0.158730158730159
"42",12,22,"GUERRERO","COYUCA DE CATALÁN",3,65,11,"Coyuca de Catalán",205,0.0536585365853659,0.169230769230769
"43",12,28,"GUERRERO","CHILAPA DE ÁLVAREZ",9,89,18,"Chilapa de Álvarez",702,0.0256410256410256,0.202247191011236
"44",12,29,"GUERRERO","CHILPANCINGO DE LOS BRAVO",64,925,122,"Chilpancingo de los Bravo",1214,0.100494233937397,0.131891891891892
"45",12,3,"GUERRERO","AJUCHITLÁN DEL PROGRESO",2,51,4,"Ajuchitlán del Progreso",129,0.0310077519379845,0.0784313725490196
"46",12,35,"GUERRERO","IGUALA DE LA INDEPENDENCIA",6,240,87,"Iguala de la Independencia",1004,0.0866533864541833,0.3625
"47",12,38,"GUERRERO","ZIHUATANEJO DE AZUETA",33,255,40,"Zihuatanejo de Azueta",568,0.0704225352112676,0.156862745098039
"48",12,39,"GUERRERO","JUAN R. ESCUDERO",1,68,2,"Juan R. Escudero",143,0.013986013986014,0.0294117647058824
"49",12,46,"GUERRERO","OMETEPEC",1,113,11,"Ometepec",236,0.0466101694915254,0.0973451327433628
"50",12,50,"GUERRERO","PUNGARABATO",0,189,28,"Pungarabato",159,0.176100628930818,0.148148148148148
"51",12,55,"GUERRERO","TAXCO DE ALARCÓN",43,113,39,"Taxco de Alarcón",675,0.0577777777777778,0.345132743362832
"52",12,61,"GUERRERO","TIXTLA DE GUERRERO",4,126,6,"Tixtla de Guerrero",254,0.0236220472440945,0.0476190476190476
"53",12,66,"GUERRERO","TLAPA DE COMONFORT",7,161,35,"Tlapa de Comonfort",365,0.0958904109589041,0.217391304347826
"54",12,67,"GUERRERO","TLAPEHUALA",1,64,4,"Tlapehuala",137,0.0291970802919708,0.0625
"55",12,7,"GUERRERO","ARCELIA",1,83,6,"Arcelia",157,0.0382165605095541,0.072289156626506
"56",12,75,"GUERRERO","EDUARDO NERI",18,61,18,"Eduardo Neri",274,0.0656934306569343,0.295081967213115
"57",13,10,"HIDALGO","ATITALAQUIA",3,65,14,"Atitalaquia",138,0.101449275362319,0.215384615384615
"58",13,13,"HIDALGO","ATOTONILCO DE TULA",3,77,18,"Atotonilco de Tula",210,0.0857142857142857,0.233766233766234
"59",13,21,"HIDALGO","EMILIANO ZAPATA",0,71,9,"Emiliano Zapata",90,0.1,0.126760563380282
"60",13,28,"HIDALGO","HUEJUTLA DE REYES",7,235,30,"Huejutla de Reyes",622,0.0482315112540193,0.127659574468085
"61",13,3,"HIDALGO","ACTOPAN",3,78,16,"Actopan",335,0.0477611940298507,0.205128205128205
"62",13,30,"HIDALGO","IXMIQUILPAN",1,75,17,"Ixmiquilpan",556,0.0305755395683453,0.226666666666667
"63",13,48,"HIDALGO","PACHUCA DE SOTO",32,1111,140,"Pachuca de Soto",1581,0.0885515496521189,0.126012601260126
"64",13,51,"HIDALGO","MINERAL DE LA REFORMA",5,392,31,"Mineral de la Reforma",619,0.0500807754442649,0.0790816326530612
"65",13,52,"HIDALGO","SAN AGUSTÍN TLAXIACA",3,78,16,"San Agustín Tlaxiaca",177,0.0903954802259887,0.205128205128205
"66",13,61,"HIDALGO","TEPEAPULCO",2,207,33,"Tepeapulco",288,0.114583333333333,0.159420289855072
"67",13,63,"HIDALGO","TEPEJI DEL RÍO DE OCAMPO",4,176,30,"Tepeji del Río de Ocampo",429,0.0699300699300699,0.170454545454545
"68",13,67,"HIDALGO","TEZONTEPEC DE ALDAMA",5,85,21,"Tezontepec de Aldama",294,0.0714285714285714,0.247058823529412
"69",13,69,"HIDALGO","TIZAYUCA",3,445,77,"Tizayuca",537,0.143389199255121,0.173033707865169
"70",13,74,"HIDALGO","TLAXCOAPAN",1,56,14,"Tlaxcoapan",148,0.0945945945945946,0.25
"71",13,75,"HIDALGO","TOLCAYUCA",1,90,15,"Tolcayuca",83,0.180722891566265,0.166666666666667
"72",13,76,"HIDALGO","TULA DE ALLENDE",6,203,43,"Tula de Allende",640,0.0671875,0.211822660098522
"73",13,77,"HIDALGO","TULANCINGO DE BRAVO",15,219,34,"Tulancingo de Bravo",922,0.0368763557483731,0.155251141552511
"74",13,8,"HIDALGO","APAN",4,190,20,"Apan",277,0.0722021660649819,0.105263157894737
"75",13,83,"HIDALGO","ZEMPOALA",2,100,11,"Zempoala",230,0.0478260869565217,0.11
"76",14,101,"JALISCO","TONALÁ",18,578,59,"Tonalá",2342,0.0251921434671221,0.102076124567474
"77",14,119,"JALISCO","ZACOALCO DE TORRES",5,52,5,"Zacoalco de Torres",206,0.0242718446601942,0.0961538461538462
"78",14,120,"JALISCO","ZAPOPAN",52,1524,105,"Zapopan",6610,0.0158850226928896,0.0688976377952756
"79",14,15,"JALISCO","AUTLÁN DE NAVARRO",1,69,6,"Autlán de Navarro",416,0.0144230769230769,0.0869565217391304
"80",14,18,"JALISCO","LA BARCA",0,75,11,"La Barca",441,0.0249433106575964,0.146666666666667
"81",14,23,"JALISCO","ZAPOTLÁN EL GRANDE",6,189,9,"Zapotlán el Grande",668,0.0134730538922156,0.0476190476190476
"82",14,39,"JALISCO","GUADALAJARA",99,3138,458,"Guadalajara",11462,0.0399581224917117,0.145952836201402
"83",14,53,"JALISCO","LAGOS DE MORENO",1,97,9,"Lagos de Moreno",965,0.00932642487046632,0.0927835051546392
"84",14,63,"JALISCO","OCOTLÁN",1,115,16,"Ocotlán",607,0.0263591433278418,0.139130434782609
"85",14,67,"JALISCO","PUERTO VALLARTA",72,773,89,"Puerto Vallarta",1365,0.0652014652014652,0.115135834411384
"86",14,70,"JALISCO","EL SALTO",9,166,23,"El Salto",900,0.0255555555555556,0.13855421686747
"87",14,73,"JALISCO","SAN JUAN DE LOS LAGOS",2,114,7,"San Juan de los Lagos",412,0.0169902912621359,0.0614035087719298
"88",14,83,"JALISCO","TALA",2,78,11,"Tala",485,0.022680412371134,0.141025641025641
"89",14,93,"JALISCO","TEPATITLÁN DE MORELOS",5,104,4,"Tepatitlán de Morelos",799,0.00500625782227785,0.0384615384615385
"90",14,97,"JALISCO","TLAJOMULCO DE ZÚÑIGA",13,537,44,"Tlajomulco de Zúñiga",2216,0.01985559566787,0.0819366852886406
"91",14,98,"JALISCO","SAN PEDRO TLAQUEPAQUE",17,768,103,"San Pedro Tlaquepaque",3441,0.029933158965417,0.134114583333333
"92",15,1,"MÉXICO","ACAMBAY DE RUÍZ CASTAÑEDA",8,85,10,"Acambay",379,0.0263852242744063,0.117647058823529
"93",15,100,"MÉXICO","TEZOYUCA",0,96,11,"Tezoyuca",226,0.0486725663716814,0.114583333333333
"94",15,101,"MÉXICO","TIANGUISTENCO",5,144,24,"Tianguistenco",436,0.055045871559633,0.166666666666667
"95",15,103,"MÉXICO","TLALMANALCO",4,146,14,"Tlalmanalco",307,0.0456026058631922,0.0958904109589041
"96",15,104,"MÉXICO","TLALNEPANTLA DE BAZ",46,2497,385,"Tlalnepantla de Baz",4655,0.0827067669172932,0.154185022026432
"97",15,106,"MÉXICO","TOLUCA",63,3266,478,"Toluca",4468,0.106982990152193,0.146356399265156
"98",15,108,"MÉXICO","TULTEPEC",7,376,57,"Tultepec",699,0.0815450643776824,0.151595744680851
"99",15,109,"MÉXICO","TULTITLÁN",15,1296,277,"Tultitlán",2448,0.113153594771242,0.213734567901235
"100",15,11,"MÉXICO","ATENCO",2,83,14,"Atenco",294,0.0476190476190476,0.168674698795181
"101",15,110,"MÉXICO","VALLE DE BRAVO",5,171,12,"Valle de Bravo",408,0.0294117647058824,0.0701754385964912
"102",15,113,"MÉXICO","VILLA GUERRERO",2,63,6,"Villa Guerrero",352,0.0170454545454545,0.0952380952380952
"103",15,114,"MÉXICO","VILLA VICTORIA",1,78,8,"Villa Victoria",475,0.0168421052631579,0.102564102564103
"104",15,115,"MÉXICO","XONACATLÁN",6,191,34,"Xonacatlán",301,0.112956810631229,0.178010471204188
"105",15,118,"MÉXICO","ZINACANTEPEC",18,462,83,"Zinacantepec",827,0.100362756952842,0.17965367965368
"106",15,12,"MÉXICO","ATIZAPÁN",3,152,41,"Atizapán",133,0.308270676691729,0.269736842105263
"107",15,120,"MÉXICO","ZUMPANGO",10,546,78,"Zumpango",938,0.0831556503198294,0.142857142857143
"108",15,121,"MÉXICO","CUAUTITLÁN IZCALLI",10,975,219,"Cuautitlán Izcalli",2681,0.0816859380828049,0.224615384615385
"109",15,122,"MÉXICO","VALLE DE CHALCO SOLIDARIDAD",34,589,160,"Valle de Chalco Solidaridad",1667,0.0959808038392322,0.271646859083192
"110",15,124,"MÉXICO","SAN JOSÉ DEL RINCÓN",3,55,8,"San José del Rincón",483,0.0165631469979296,0.145454545454545
"111",15,13,"MÉXICO","ATIZAPÁN DE ZARAGOZA",30,1131,200,"Atizapán de Zaragoza",2593,0.0771307365985345,0.17683465959328
"112",15,14,"MÉXICO","ATLACOMULCO",8,279,31,"Atlacomulco",523,0.0592734225621415,0.111111111111111
"113",15,18,"MÉXICO","CALIMAYA",5,160,26,"Calimaya",261,0.0996168582375479,0.1625
"114",15,19,"MÉXICO","CAPULHUAC",4,97,17,"Capulhuac",210,0.080952380952381,0.175257731958763
"115",15,2,"MÉXICO","ACOLMAN",4,299,37,"Acolman",602,0.0614617940199336,0.123745819397993
"116",15,20,"MÉXICO","COACALCO DE BERRIOZÁBAL",14,792,129,"Coacalco de Berriozábal",1410,0.0914893617021277,0.162878787878788
"117",15,22,"MÉXICO","COCOTITLÁN",4,56,4,"Cocotitlán",93,0.043010752688172,0.0714285714285714
"118",15,23,"MÉXICO","COYOTEPEC",4,136,20,"Coyotepec",287,0.0696864111498258,0.147058823529412
"119",15,24,"MÉXICO","CUAUTITLÁN",18,834,91,"Cuautitlán",547,0.16636197440585,0.109112709832134
"120",15,25,"MÉXICO","CHALCO",66,1713,270,"Chalco",1761,0.153321976149915,0.157618213660245
"121",15,27,"MÉXICO","CHAPULTEPEC",2,53,8,"Chapultepec",44,0.181818181818182,0.150943396226415
"122",15,29,"MÉXICO","CHICOLOAPAN",16,363,50,"Chicoloapan",794,0.0629722921914358,0.137741046831956
"123",15,31,"MÉXICO","CHIMALHUACÁN",68,1539,282,"Chimalhuacán",3084,0.0914396887159533,0.183235867446394
"124",15,33,"MÉXICO","ECATEPEC DE MORELOS",142,5083,935,"Ecatepec de Morelos",9599,0.0974059797895614,0.183946488294314
"125",15,35,"MÉXICO","HUEHUETOCA",4,241,28,"Huehuetoca",503,0.0556660039761431,0.116182572614108
"126",15,36,"MÉXICO","HUEYPOXTLA",0,74,14,"Hueypoxtla",218,0.0642201834862385,0.189189189189189
"127",15,37,"MÉXICO","HUIXQUILUCAN",15,765,72,"Huixquilucan",1190,0.0605042016806723,0.0941176470588235
"128",15,39,"MÉXICO","IXTAPALUCA",70,1339,261,"Ixtapaluca",1986,0.131419939577039,0.194921583271098
"129",15,42,"MÉXICO","IXTLAHUACA",7,231,76,"Ixtlahuaca",745,0.102013422818792,0.329004329004329
"130",15,43,"MÉXICO","XALATLACO",3,72,15,"Xalatlaco",160,0.09375,0.208333333333333
"131",15,45,"MÉXICO","JILOTEPEC",1,117,7,"Jilotepec",513,0.01364522417154,0.0598290598290598
"132",15,47,"MÉXICO","JIQUIPILCO",2,63,15,"Jiquipilco",406,0.0369458128078818,0.238095238095238
"133",15,48,"MÉXICO","JOCOTITLÁN",5,118,14,"Jocotitlán",354,0.0395480225988701,0.11864406779661
"134",15,5,"MÉXICO","ALMOLOYA DE JUÁREZ",6,229,33,"Almoloya de Juárez",740,0.0445945945945946,0.14410480349345
"135",15,51,"MÉXICO","LERMA",10,401,74,"Lerma",717,0.103207810320781,0.184538653366584
"136",15,53,"MÉXICO","MELCHOR OCAMPO",3,195,20,"Melchor Ocampo",318,0.0628930817610063,0.102564102564103
"137",15,54,"MÉXICO","METEPEC",20,861,132,"Metepec",1174,0.112436115843271,0.153310104529617
"138",15,55,"MÉXICO","MEXICALTZINGO",4,57,9,"Mexicaltzingo",76,0.118421052631579,0.157894736842105
"139",15,57,"MÉXICO","NAUCALPAN DE JUÁREZ",67,3040,569,"Naucalpan de Juárez",5256,0.108257229832572,0.187171052631579
"140",15,58,"MÉXICO","NEZAHUALCÓYOTL",153,4179,746,"Nezahualcóyotl",7549,0.0988210358987945,0.178511605647284
"141",15,59,"MÉXICO","NEXTLALPAN",0,69,8,"Nextlalpan",186,0.043010752688172,0.115942028985507
"142",15,60,"MÉXICO","NICOLÁS ROMERO",18,899,164,"Nicolás Romero",1982,0.082744702320888,0.182424916573971
"143",15,62,"MÉXICO","OCOYOACAC",7,161,21,"Ocoyoacac",359,0.0584958217270195,0.130434782608696
"144",15,64,"MÉXICO","EL ORO",3,101,7,"El Oro",183,0.0382513661202186,0.0693069306930693
"145",15,65,"MÉXICO","OTUMBA",2,74,25,"Otumba",213,0.117370892018779,0.337837837837838
"146",15,67,"MÉXICO","OTZOLOTEPEC",1,118,23,"Otzolotepec",347,0.0662824207492795,0.194915254237288
"147",15,68,"MÉXICO","OZUMBA",4,51,6,"Ozumba",144,0.0416666666666667,0.117647058823529
"148",15,7,"MÉXICO","AMANALCO",1,59,4,"Amanalco",142,0.028169014084507,0.0677966101694915
"149",15,70,"MÉXICO","LA PAZ",22,651,146,"La Paz",1301,0.112221368178324,0.224270353302611
"150",15,72,"MÉXICO","RAYÓN",3,53,6,"Rayón",71,0.0845070422535211,0.113207547169811
"151",15,73,"MÉXICO","SAN ANTONIO LA ISLA",1,76,11,"San Antonio la Isla",107,0.102803738317757,0.144736842105263
"152",15,74,"MÉXICO","SAN FELIPE DEL PROGRESO",5,164,19,"San Felipe del Progreso",596,0.0318791946308725,0.115853658536585
"153",15,76,"MÉXICO","SAN MATEO ATENCO",1,230,53,"San Mateo Atenco",437,0.121281464530892,0.230434782608696
"154",15,81,"MÉXICO","TECÁMAC",27,1108,180,"Tecámac",1846,0.0975081256771398,0.162454873646209
"155",15,82,"MÉXICO","TEJUPILCO",6,162,7,"Tejupilco",438,0.0159817351598174,0.0432098765432099
"156",15,83,"MÉXICO","TEMAMATLA",0,67,2,"Temamatla",74,0.027027027027027,0.0298507462686567
"157",15,84,"MÉXICO","TEMASCALAPA",2,61,19,"Temascalapa",213,0.0892018779342723,0.311475409836066
"158",15,85,"MÉXICO","TEMASCALCINGO",5,70,13,"Temascalcingo",408,0.0318627450980392,0.185714285714286
"159",15,87,"MÉXICO","TEMOAYA",11,142,18,"Temoaya",460,0.0391304347826087,0.126760563380282
"160",15,88,"MÉXICO","TENANCINGO",2,220,12,"Tenancingo",570,0.0210526315789474,0.0545454545454545
"161",15,9,"MÉXICO","AMECAMECA",11,151,10,"Amecameca",348,0.028735632183908,0.0662251655629139
"162",15,90,"MÉXICO","TENANGO DEL VALLE",9,222,20,"Tenango del Valle",478,0.0418410041841004,0.0900900900900901
"163",15,91,"MÉXICO","TEOLOYUCAN",6,155,30,"Teoloyucan",470,0.0638297872340425,0.193548387096774
"164",15,92,"MÉXICO","TEOTIHUACÁN",5,138,34,"Teotihuacán",369,0.0921409214092141,0.246376811594203
"165",15,95,"MÉXICO","TEPOTZOTLÁN",1,126,26,"Tepotzotlán",443,0.0586907449209932,0.206349206349206
"166",15,99,"MÉXICO","TEXCOCO",15,541,82,"Texcoco",1487,0.0551445864156019,0.151571164510166
"167",16,102,"MICHOACÁN ","URUAPAN",8,711,59,"Uruapan",1893,0.0311674590596936,0.0829817158931083
"168",16,108,"MICHOACÁN ","ZAMORA",1,205,27,"Zamora",1404,0.0192307692307692,0.131707317073171
"169",16,112,"MICHOACÁN ","ZITÁCUARO",7,156,26,"Zitácuaro",901,0.0288568257491676,0.166666666666667
"170",16,34,"MICHOACÁN ","HIDALGO",0,52,3,"Hidalgo",637,0.00470957613814757,0.0576923076923077
"171",16,38,"MICHOACÁN ","HUETAMO",5,439,28,"Huetamo",235,0.119148936170213,0.0637813211845103
"172",16,43,"MICHOACÁN ","JACONA",0,56,4,"Jacona",457,0.0087527352297593,0.0714285714285714
"173",16,50,"MICHOACÁN ","MARAVATÍO",1,97,1,"Maravatío",462,0.00216450216450216,0.0103092783505155
"174",16,52,"MICHOACÁN ","LÁZARO CÁRDENAS",19,2346,135,"Lázaro Cárdenas",855,0.157894736842105,0.0575447570332481
"175",16,53,"MICHOACÁN ","MORELIA",14,940,70,"Morelia",3949,0.0177260065839453,0.074468085106383
"176",16,55,"MICHOACÁN ","MÚGICA",7,323,49,"Múgica",278,0.176258992805755,0.151702786377709
"177",16,6,"MICHOACÁN ","APATZINGÁN",2,402,35,"Apatzingán",825,0.0424242424242424,0.0870646766169154
"178",16,65,"MICHOACÁN ","PARACHO",1,69,9,"Paracho",148,0.0608108108108108,0.130434782608696
"179",16,66,"MICHOACÁN ","PÁTZCUARO",2,99,11,"Pátzcuaro",535,0.0205607476635514,0.111111111111111
"180",16,69,"MICHOACÁN ","LA PIEDAD",0,138,11,"La Piedad",650,0.0169230769230769,0.0797101449275362
"181",16,77,"MICHOACÁN ","SAN LUCAS",1,56,2,"San Lucas",97,0.0206185567010309,0.0357142857142857
"182",16,88,"MICHOACÁN ","TARÍMBARO",1,61,4,"Tarímbaro",343,0.0116618075801749,0.0655737704918033
"183",17,11,"MORELOS","JIUTEPEC",4,304,68,"Jiutepec",1125,0.0604444444444444,0.223684210526316
"184",17,12,"MORELOS","JOJUTLA",2,159,39,"Jojutla",429,0.0909090909090909,0.245283018867925
"185",17,17,"MORELOS","PUENTE DE IXTLA",2,143,54,"Puente de Ixtla",381,0.141732283464567,0.377622377622378
"186",17,18,"MORELOS","TEMIXCO",5,134,45,"Temixco",755,0.0596026490066225,0.335820895522388
"187",17,19,"MORELOS","TEPALCINGO",4,51,20,"Tepalcingo",171,0.116959064327485,0.392156862745098
"188",17,24,"MORELOS","TLALTIZAPÁN DE ZAPATA",0,84,20,"Tlaltizapán de Zapata",350,0.0571428571428571,0.238095238095238
"189",17,25,"MORELOS","TLAQUILTENANGO",0,51,15,"Tlaquiltenango",213,0.0704225352112676,0.294117647058824
"190",17,28,"MORELOS","XOCHITEPEC",3,109,33,"Xochitepec",402,0.082089552238806,0.302752293577982
"191",17,29,"MORELOS","YAUTEPEC",1,92,21,"Yautepec",653,0.0321592649310873,0.228260869565217
"192",17,3,"MORELOS","AXOCHIAPAN",1,76,19,"Axochiapan",211,0.0900473933649289,0.25
"193",17,30,"MORELOS","YECAPIXTLA",1,68,12,"Yecapixtla",258,0.0465116279069767,0.176470588235294
"194",17,31,"MORELOS","ZACATEPEC",3,146,39,"Zacatepec",296,0.131756756756757,0.267123287671233
"195",17,4,"MORELOS","AYALA",1,145,21,"Ayala",521,0.0403071017274472,0.144827586206897
"196",17,6,"MORELOS","CUAUTLA",7,539,98,"Cuautla",1208,0.0811258278145695,0.181818181818182
"197",17,7,"MORELOS","CUERNAVACA",20,840,184,"Cuernavaca",2860,0.0643356643356643,0.219047619047619
"198",17,8,"MORELOS","EMILIANO ZAPATA",1,112,20,"Emiliano Zapata",490,0.0408163265306122,0.178571428571429
"199",18,1,"NAYARIT","ACAPONETA",2,78,15,"Acaponeta",241,0.0622406639004149,0.192307692307692
"200",18,10,"NAYARIT","ROSAMORADA",2,55,5,"Rosamorada",240,0.0208333333333333,0.0909090909090909
"201",18,12,"NAYARIT","SAN BLAS",0,51,10,"San Blas",244,0.040983606557377,0.196078431372549
"202",18,15,"NAYARIT","SANTIAGO IXCUINTLA",2,142,12,"Santiago Ixcuintla",648,0.0185185185185185,0.0845070422535211
"203",18,16,"NAYARIT","TECUALA",2,85,24,"Tecuala",294,0.0816326530612245,0.282352941176471
"204",18,17,"NAYARIT","TEPIC",3,1174,75,"Tepic",2181,0.0343878954607978,0.0638841567291312
"205",18,18,"NAYARIT","TUXPAN",2,73,12,"Tuxpan",180,0.0666666666666667,0.164383561643836
"206",18,20,"NAYARIT","BAHÍA DE BANDERAS",56,336,34,"Bahía de Banderas",569,0.0597539543057996,0.101190476190476
"207",18,4,"NAYARIT","COMPOSTELA",2,91,13,"Compostela",432,0.0300925925925926,0.142857142857143
"208",18,6,"NAYARIT","IXTLÁN DEL RÍO",2,63,7,"Ixtlán del Río",180,0.0388888888888889,0.111111111111111
"209",18,7,"NAYARIT","JALA",3,91,25,"Jala",109,0.229357798165138,0.274725274725275
"210",18,8,"NAYARIT","XALISCO",0,90,7,"Xalisco",276,0.0253623188405797,0.0777777777777778
"211",19,10,"NUEVO LEÓN","EL CARMEN",3,64,6,"El Carmen",128,0.046875,0.09375
"212",19,12,"NUEVO LEÓN","CIÉNEGA DE FLORES",5,53,6,"Ciénega de Flores",188,0.0319148936170213,0.113207547169811
"213",19,17,"NUEVO LEÓN","GALEANA",0,54,0,"Galeana",266,0,0
"214",19,18,"NUEVO LEÓN","GARCÍA",10,321,10,"García",717,0.0139470013947001,0.0311526479750779
"215",19,19,"NUEVO LEÓN","SAN PEDRO GARZA GARCÍA",10,183,9,"San Pedro Garza García",725,0.0124137931034483,0.0491803278688525
"216",19,21,"NUEVO LEÓN","GENERAL ESCOBEDO",27,673,43,"General Escobedo",1504,0.0285904255319149,0.0638930163447251
"217",19,25,"NUEVO LEÓN","GENERAL ZUAZUA",5,65,5,"General Zuazua",130,0.0384615384615385,0.0769230769230769
"218",19,26,"NUEVO LEÓN","GUADALUPE",62,1514,83,"Guadalupe",3989,0.0208072198546001,0.0548216644649934
"219",19,31,"NUEVO LEÓN","JUÁREZ",16,501,32,"Juárez",1033,0.0309777347531462,0.063872255489022
"220",19,33,"NUEVO LEÓN","LINARES",2,142,4,"Linares",487,0.0082135523613963,0.028169014084507
"221",19,38,"NUEVO LEÓN","MONTEMORELOS",1,127,2,"Montemorelos",447,0.00447427293064877,0.015748031496063
"222",19,39,"NUEVO LEÓN","MONTERREY",121,3122,157,"Monterrey",8338,0.0188294555049172,0.0502882767456758
"223",19,4,"NUEVO LEÓN","ALLENDE",0,73,5,"Allende",236,0.0211864406779661,0.0684931506849315
"224",19,41,"NUEVO LEÓN","PESQUERÍA",8,113,12,"Pesquería",250,0.048,0.106194690265487
"225",19,44,"NUEVO LEÓN","SABINAS HIDALGO",1,113,2,"Sabinas Hidalgo",245,0.00816326530612245,0.0176991150442478
"226",19,45,"NUEVO LEÓN","SALINAS VICTORIA",2,105,1,"Salinas Victoria",238,0.00420168067226891,0.00952380952380952
"227",19,46,"NUEVO LEÓN","SAN NICOLÁS DE LOS GARZA",36,910,64,"San Nicolás de los Garza",2961,0.0216143194866599,0.0703296703296703
"228",19,48,"NUEVO LEÓN","SANTA CATARINA",12,563,26,"Santa Catarina",1395,0.0186379928315412,0.0461811722912966
"229",19,49,"NUEVO LEÓN","SANTIAGO",1,88,3,"Santiago",291,0.0103092783505155,0.0340909090909091
"230",19,6,"NUEVO LEÓN","APODACA",51,1111,67,"Apodaca",2011,0.0333167578319244,0.0603060306030603
"231",19,9,"NUEVO LEÓN","CADEREYTA JIMÉNEZ",13,93,10,"Cadereyta Jiménez",623,0.0160513643659711,0.10752688172043
"232",2,1,"BAJA CALIFORNIA","ENSENADA",16,1290,137,"Ensenada",3125,0.04384,0.106201550387597
"233",2,2,"BAJA CALIFORNIA","MEXICALI",30,6054,1111,"Mexicali",5923,0.187573864595644,0.183515031384209
"234",2,3,"BAJA CALIFORNIA","TECATE",2,255,53,"Tecate",579,0.0915371329879102,0.207843137254902
"235",2,4,"BAJA CALIFORNIA","TIJUANA",52,3176,1003,"Tijuana",10235,0.0979970688812897,0.31580604534005
"236",2,5,"BAJA CALIFORNIA","PLAYAS DE ROSARITO",2,123,19,"Playas de Rosarito",600,0.0316666666666667,0.154471544715447
"237",20,107,"OAXACA","SAN ANTONIO DE LA CAL",5,161,23,"San Antonio de la Cal",100,0.23,0.142857142857143
"238",20,115,"OAXACA","SAN BARTOLO COYOTEPEC",0,63,4,"San Bartolo Coyotepec",41,0.0975609756097561,0.0634920634920635
"239",20,157,"OAXACA","SAN JACINTO AMILPAS",1,124,8,"San Jacinto Amilpas",49,0.163265306122449,0.0645161290322581
"240",20,184,"OAXACA","SAN JUAN BAUTISTA TUXTEPEC",17,903,127,"San Juan Bautista Tuxtepec",1046,0.121414913957935,0.140642303433001
"241",20,227,"OAXACA","SAN LORENZO CACAOTEPEC",0,72,5,"San Lorenzo Cacaotepec",67,0.0746268656716418,0.0694444444444444
"242",20,23,"OAXACA","CUILÁPAM DE GUERRERO",0,60,4,"Cuilápam de Guerrero",122,0.0327868852459016,0.0666666666666667
"243",20,293,"OAXACA","SAN PABLO ETLA",0,82,4,"San Pablo Etla",38,0.105263157894737,0.0487804878048781
"244",20,318,"OAXACA","SAN PEDRO MIXTEPEC",1,74,3,"San Pedro Mixtepec -Dto. 22 -",234,0.0128205128205128,0.0405405405405405
"245",20,350,"OAXACA","SAN SEBASTIÁN TUTLA",0,118,6,"San Sebastián Tutla",52,0.115384615384615,0.0508474576271186
"246",20,385,"OAXACA","SANTA CRUZ XOXOCOTLÁN",6,546,51,"Santa Cruz Xoxocotlán",365,0.13972602739726,0.0934065934065934
"247",20,39,"OAXACA","HEROICA CIUDAD DE HUAJUAPAN DE LEÓN",9,215,19,"Heroica Ciudad de Huajuapan de León",477,0.039832285115304,0.0883720930232558
"248",20,390,"OAXACA","SANTA LUCÍA DEL CAMINO",2,310,20,"Santa Lucía del Camino",208,0.0961538461538462,0.0645161290322581
"249",20,399,"OAXACA","SANTA MARÍA ATZOMPA",4,209,14,"Santa María Atzompa",132,0.106060606060606,0.0669856459330144
"250",20,409,"OAXACA","SANTA MARÍA DEL TULE",1,59,6,"Santa María del Tule",44,0.136363636363636,0.101694915254237
"251",20,43,"OAXACA","JUCHITÁN DE ZARAGOZA",24,105,20,"Heroica Ciudad de Juchitán de Zaragoza",629,0.0317965023847377,0.19047619047619
"252",20,482,"OAXACA","SANTIAGO PINOTEPA NACIONAL",0,65,7,"Santiago Pinotepa Nacional",279,0.025089605734767,0.107692307692308
"253",20,515,"OAXACA","SANTO DOMINGO TEHUANTEPEC",17,101,13,"Santo Domingo Tehuantepec",431,0.0301624129930394,0.128712871287129
"254",20,551,"OAXACA","TLACOLULA DE MATAMOROS",0,76,11,"Tlacolula de Matamoros",209,0.0526315789473684,0.144736842105263
"255",20,565,"OAXACA","VILLA DE ZAACHILA",5,167,12,"Villa de Zaachila",165,0.0727272727272727,0.0718562874251497
"256",20,59,"OAXACA","MIAHUATLÁN DE PORFIRIO DÍAZ",2,71,8,"Miahuatlán de Porfirio Díaz",311,0.0257234726688103,0.112676056338028
"257",20,67,"OAXACA","OAXACA DE JUÁREZ",23,2012,161,"Oaxaca de Juárez",1795,0.0896935933147632,0.0800198807157058
"258",20,68,"OAXACA","OCOTLÁN DE MORELOS",2,81,7,"Ocotlán de Morelos",188,0.0372340425531915,0.0864197530864197
"259",20,79,"OAXACA","SALINA CRUZ",66,209,37,"Salina Cruz",549,0.0673952641165756,0.177033492822967
"260",21,1,"PUEBLA","ACAJETE",3,57,14,"Acajete",359,0.0389972144846797,0.245614035087719
"261",21,106,"PUEBLA","OCOYUCAN",6,60,12,"Ocoyucan",172,0.0697674418604651,0.2
"262",21,114,"PUEBLA","PUEBLA",265,9341,1056,"Puebla",10038,0.105200239091452,0.113049994647254
"263",21,119,"PUEBLA","SAN ANDRÉS CHOLULA",12,430,50,"San Andrés Cholula",546,0.0915750915750916,0.116279069767442
"264",21,132,"PUEBLA","SAN MARTÍN TEXMELUCAN",13,341,61,"San Martín Texmelucan",846,0.0721040189125296,0.178885630498534
"265",21,140,"PUEBLA","SAN PEDRO CHOLULA",8,357,37,"San Pedro Cholula",771,0.0479896238651102,0.103641456582633
"266",21,15,"PUEBLA","AMOZOC",4,119,24,"Amozoc",384,0.0625,0.201680672268908
"267",21,154,"PUEBLA","TECAMACHALCO",9,110,15,"Tecamachalco",388,0.038659793814433,0.136363636363636
"268",21,156,"PUEBLA","TEHUACÁN",8,640,118,"Tehuacán",1557,0.0757867694283879,0.184375
"269",21,164,"PUEBLA","TEPEACA",13,149,17,"Tepeaca",446,0.0381165919282511,0.114093959731544
"270",21,174,"PUEBLA","TEZIUTLÁN",2,71,7,"Teziutlán",618,0.0113268608414239,0.0985915492957746
"271",21,19,"PUEBLA","ATLIXCO",11,207,31,"Atlixco",991,0.0312815338042381,0.14975845410628
"272",21,197,"PUEBLA","XICOTEPEC",4,65,8,"Xicotepec",489,0.016359918200409,0.123076923076923
"273",21,41,"PUEBLA","CUAUTLANCINGO",4,181,21,"Cuautlancingo",393,0.0534351145038168,0.116022099447514
"274",21,45,"PUEBLA","CHALCHICOMULA DE SESMA",3,57,9,"Chalchicomula de Sesma",288,0.03125,0.157894736842105
"275",21,53,"PUEBLA","CHIGNAHUAPAN",0,54,4,"Chignahuapan",311,0.0128617363344051,0.0740740740740741
"276",21,71,"PUEBLA","HUAUCHINANGO",4,176,27,"Huauchinango",637,0.0423861852433281,0.153409090909091
"277",21,74,"PUEBLA","HUEJOTZINGO",6,236,22,"Huejotzingo",396,0.0555555555555556,0.0932203389830508
"278",21,85,"PUEBLA","IZÚCAR DE MATAMOROS",4,102,9,"Izúcar de Matamoros",592,0.0152027027027027,0.0882352941176471
"279",22,11,"QUERÉTARO","EL MARQUÉS",3,146,31,"El Marqués",683,0.0453879941434846,0.212328767123288
"280",22,12,"QUERÉTARO","PEDRO ESCOBEDO",1,56,10,"Pedro Escobedo",339,0.0294985250737463,0.178571428571429
"281",22,14,"QUERÉTARO","QUERÉTARO",23,1741,224,"Querétaro",4736,0.0472972972972973,0.128661688684664
"282",22,16,"QUERÉTARO","SAN JUAN DEL RÍO",1,255,36,"San Juan del Río",1339,0.0268857356235997,0.141176470588235
"283",22,6,"QUERÉTARO","CORREGIDORA",4,155,14,"Corregidora",755,0.0185430463576159,0.0903225806451613
"284",23,1,"QUINTANA ROO","COZUMEL",9,133,25,"Cozumel",367,0.0681198910081744,0.18796992481203
"285",23,2,"QUINTANA ROO","FELIPE CARRILLO PUERTO",0,82,12,"Felipe Carrillo Puerto",374,0.0320855614973262,0.146341463414634
"286",23,4,"QUINTANA ROO","OTHÓN P. BLANCO",20,1268,52,"Othón P. Blanco",1234,0.0421393841166937,0.0410094637223975
"287",23,5,"QUINTANA ROO","BENITO JUÁREZ",168,2825,532,"Benito Juárez",3371,0.157816671610798,0.188318584070796
"288",23,7,"QUINTANA ROO","LÁZARO CÁRDENAS",2,74,6,"Lázaro Cárdenas",144,0.0416666666666667,0.0810810810810811
"289",23,8,"QUINTANA ROO","SOLIDARIDAD",26,754,78,"Solidaridad",846,0.0921985815602837,0.103448275862069
"290",23,9,"QUINTANA ROO","TULUM",2,97,5,"Tulum",157,0.0318471337579618,0.0515463917525773
"291",24,11,"SAN LUIS POTOSÍ","CIUDAD FERNÁNDEZ",1,57,2,"Ciudad Fernández",309,0.00647249190938511,0.0350877192982456
"292",24,13,"SAN LUIS POTOSÍ","CIUDAD VALLES",7,820,27,"Ciudad Valles",1113,0.0242587601078167,0.0329268292682927
"293",24,20,"SAN LUIS POTOSÍ","MATEHUALA",1,124,3,"Matehuala",511,0.00587084148727984,0.0241935483870968
"294",24,24,"SAN LUIS POTOSÍ","RIOVERDE",2,139,5,"Rioverde",761,0.00657030223390276,0.0359712230215827
"295",24,28,"SAN LUIS POTOSÍ","SAN LUIS POTOSÍ",46,1664,108,"San Luis Potosí",4743,0.0227703984819734,0.0649038461538462
"296",24,35,"SAN LUIS POTOSÍ","SOLEDAD DE GRACIANO SÁNCHEZ",10,286,29,"Soledad de Graciano Sánchez",1296,0.0223765432098765,0.101398601398601
"297",24,37,"SAN LUIS POTOSÍ","TAMAZUNCHALE",4,591,32,"Tamazunchale",588,0.054421768707483,0.0541455160744501
"298",24,40,"SAN LUIS POTOSÍ","TAMUÍN",2,60,7,"Tamuín",249,0.0281124497991968,0.116666666666667
"299",24,53,"SAN LUIS POTOSÍ","AXTLA DE TERRAZAS",1,74,1,"Axtla de Terrazas",236,0.00423728813559322,0.0135135135135135
"300",24,54,"SAN LUIS POTOSÍ","XILITLA",0,125,3,"Xilitla",315,0.00952380952380952,0.024
"301",24,57,"SAN LUIS POTOSÍ","MATLAPA",2,78,5,"Matlapa",200,0.025,0.0641025641025641
"302",25,1,"SINALOA","AHOME",116,1668,364,"Ahome",2378,0.153069806560135,0.218225419664269
"303",25,10,"SINALOA","EL FUERTE",15,153,35,"El Fuerte",609,0.0574712643678161,0.228758169934641
"304",25,11,"SINALOA","GUASAVE",48,1671,248,"Guasave",1702,0.145710928319624,0.148414123279473
"305",25,12,"SINALOA","MAZATLÁN",68,1696,212,"Mazatlán",2599,0.0815698345517507,0.125
"306",25,13,"SINALOA","MOCORITO",11,66,13,"Mocorito",314,0.0414012738853503,0.196969696969697
"307",25,14,"SINALOA","ROSARIO",5,83,8,"Rosario",292,0.0273972602739726,0.0963855421686747
"308",25,15,"SINALOA","SALVADOR ALVARADO",22,555,75,"Salvador Alvarado",431,0.174013921113689,0.135135135135135
"309",25,17,"SINALOA","SINALOA",7,142,16,"Sinaloa",497,0.0321931589537223,0.112676056338028
"310",25,18,"SINALOA","NAVOLATO",18,285,56,"Navolato",772,0.0725388601036269,0.196491228070175
"311",25,2,"SINALOA","ANGOSTURA",11,120,23,"Angostura",314,0.0732484076433121,0.191666666666667
"312",25,6,"SINALOA","CULIACÁN",227,3510,652,"Culiacán",4765,0.136831059811123,0.185754985754986
"313",25,9,"SINALOA","ESCUINAPA",4,187,15,"Escuinapa",318,0.0471698113207547,0.0802139037433155
"314",26,17,"SONORA","CABORCA",5,297,27,"Caborca",561,0.0481283422459893,0.0909090909090909
"315",26,18,"SONORA","CAJEME",31,2149,360,"Cajeme",2867,0.125566794558772,0.167519776640298
"316",26,19,"SONORA","CANANEA",12,146,8,"Cananea",264,0.0303030303030303,0.0547945205479452
"317",26,2,"SONORA","AGUA PRIETA",0,363,28,"Agua Prieta",449,0.0623608017817372,0.0771349862258953
"318",26,25,"SONORA","EMPALME",0,93,29,"Empalme",425,0.0682352941176471,0.311827956989247
"319",26,26,"SONORA","ETCHOJOA",1,61,19,"Etchojoa",500,0.038,0.311475409836066
"320",26,29,"SONORA","GUAYMAS",3,520,89,"Guaymas",1106,0.0804701627486438,0.171153846153846
"321",26,30,"SONORA","HERMOSILLO",66,4099,297,"Hermosillo",4834,0.0614398014067025,0.0724566967553062
"322",26,33,"SONORA","HUATABAMPO",5,130,24,"Huatabampo",570,0.0421052631578947,0.184615384615385
"323",26,36,"SONORA","MAGDALENA",2,124,13,"Magdalena",210,0.0619047619047619,0.104838709677419
"324",26,42,"SONORA","NAVOJOA",13,558,82,"Navojoa",1069,0.0767072029934518,0.146953405017921
"325",26,43,"SONORA","NOGALES",22,1759,171,"Nogales",1114,0.153500897666068,0.0972143263217737
"326",26,55,"SONORA","SAN LUIS RÍO COLORADO",13,947,158,"San Luis Río Colorado",1182,0.133671742808799,0.166842661034847
"327",26,58,"SONORA","SANTA ANA",0,74,3,"Santa Ana",110,0.0272727272727273,0.0405405405405405
"328",27,1,"TABASCO","BALANCÁN",0,324,11,"Balancán",352,0.03125,0.0339506172839506
"329",27,10,"TABASCO","JALPA DE MÉNDEZ",6,652,45,"Jalpa de Méndez",473,0.0951374207188161,0.0690184049079755
"330",27,11,"TABASCO","JONUTA",0,113,5,"Jonuta",175,0.0285714285714286,0.0442477876106195
"331",27,12,"TABASCO","MACUSPANA",19,944,90,"Macuspana",1016,0.0885826771653543,0.0953389830508475
"332",27,13,"TABASCO","NACAJUCA",14,1103,100,"Nacajuca",597,0.16750418760469,0.0906618313689937
"333",27,14,"TABASCO","PARAÍSO",16,445,50,"Paraíso",505,0.099009900990099,0.112359550561798
"334",27,15,"TABASCO","TACOTALPA",0,334,22,"Tacotalpa",280,0.0785714285714286,0.0658682634730539
"335",27,16,"TABASCO","TEAPA",4,433,70,"Teapa",400,0.175,0.161662817551963
"336",27,17,"TABASCO","TENOSIQUE",2,483,22,"Tenosique",348,0.0632183908045977,0.0455486542443064
"337",27,2,"TABASCO","CÁRDENAS",14,939,109,"Cárdenas",1335,0.0816479400749064,0.116080937167199
"338",27,3,"TABASCO","CENTLA",8,329,31,"Centla",648,0.0478395061728395,0.0942249240121581
"339",27,4,"TABASCO","CENTRO",113,6915,622,"Centro",3883,0.160185423641514,0.0899493853940709
"340",27,5,"TABASCO","COMALCALCO",27,642,101,"Comalcalco",1143,0.0883639545056868,0.157320872274143
"341",27,6,"TABASCO","CUNDUACÁN",6,606,33,"Cunduacán",765,0.0431372549019608,0.0544554455445545
"342",27,7,"TABASCO","EMILIANO ZAPATA",1,270,17,"Emiliano Zapata",204,0.0833333333333333,0.062962962962963
"343",27,8,"TABASCO","HUIMANGUILLO",5,509,68,"Huimanguillo",1163,0.058469475494411,0.133595284872299
"344",27,9,"TABASCO","JALAPA",2,289,25,"Jalapa",246,0.101626016260163,0.0865051903114187
"345",28,21,"TAMAULIPAS","EL MANTE",2,227,16,"El Mante",878,0.0182232346241458,0.0704845814977974
"346",28,22,"TAMAULIPAS","MATAMOROS",3,1577,124,"Matamoros",2432,0.0509868421052632,0.0786303107165504
"347",28,27,"TAMAULIPAS","NUEVO LAREDO",4,907,80,"Nuevo Laredo",2102,0.0380589914367269,0.0882028665931643
"348",28,3,"TAMAULIPAS","ALTAMIRA",11,414,23,"Altamira",952,0.0241596638655462,0.0555555555555556
"349",28,32,"TAMAULIPAS","REYNOSA",50,2532,249,"Reynosa",3562,0.0699045480067378,0.0983412322274882
"350",28,33,"TAMAULIPAS","RÍO BRAVO",9,406,20,"Río Bravo",778,0.025706940874036,0.0492610837438424
"351",28,35,"TAMAULIPAS","SAN FERNANDO",0,59,7,"San Fernando",349,0.0200573065902579,0.11864406779661
"352",28,38,"TAMAULIPAS","TAMPICO",7,1126,69,"Tampico",1915,0.0360313315926893,0.0612788632326821
"353",28,40,"TAMAULIPAS","VALLE HERMOSO",0,125,5,"Valle Hermoso",367,0.0136239782016349,0.04
"354",28,41,"TAMAULIPAS","VICTORIA",19,738,28,"Victoria",2090,0.0133971291866029,0.037940379403794
"355",28,9,"TAMAULIPAS","CIUDAD MADERO",4,733,30,"Ciudad Madero",1219,0.0246103363412633,0.0409276944065484
"356",29,10,"TLAXCALA","CHIAUTEMPAN",22,286,44,"Chiautempan",360,0.122222222222222,0.153846153846154
"357",29,13,"TLAXCALA","HUAMANTLA",24,190,24,"Huamantla",451,0.0532150776053215,0.126315789473684
"358",29,15,"TLAXCALA","IXTACUIXTLA DE MARIANO MATAMOROS",7,63,11,"Ixtacuixtla de Mariano Matamoros",199,0.0552763819095477,0.174603174603175
"359",29,18,"TLAXCALA","CONTLA DE JUAN CUAMATZI",12,126,23,"Contla de Juan Cuamatzi",208,0.110576923076923,0.182539682539683
"360",29,2,"TLAXCALA","APETATITLÁN DE ANTONIO CARVAJAL",5,76,9,"Apetatitlán de Antonio Carvajal",79,0.113924050632911,0.118421052631579
"361",29,24,"TLAXCALA","PANOTLA",3,57,5,"Panotla",192,0.0260416666666667,0.087719298245614
"362",29,25,"TLAXCALA","SAN PABLO DEL MONTE",12,117,29,"San Pablo del Monte",397,0.0730478589420655,0.247863247863248
"363",29,26,"TLAXCALA","SANTA CRUZ TLAXCALA",5,57,12,"Santa Cruz Tlaxcala",108,0.111111111111111,0.210526315789474
"364",29,31,"TLAXCALA","TETLA DE LA SOLIDARIDAD",5,55,4,"Tetla de la Solidaridad",160,0.025,0.0727272727272727
"365",29,33,"TLAXCALA","TLAXCALA",21,570,53,"Tlaxcala",496,0.106854838709677,0.0929824561403509
"366",29,34,"TLAXCALA","TLAXCO",3,68,10,"Tlaxco",196,0.0510204081632653,0.147058823529412
"367",29,36,"TLAXCALA","TOTOLAC",6,87,8,"Totolac",131,0.0610687022900763,0.0919540229885057
"368",29,41,"TLAXCALA","PAPALOTLA DE XICOHTÉNCATL",9,68,16,"Papalotla de Xicohténcatl",142,0.112676056338028,0.235294117647059
"369",29,43,"TLAXCALA","YAUHQUEMEHCAN",6,101,6,"Yauhquemehcan",170,0.0352941176470588,0.0594059405940594
"370",29,44,"TLAXCALA","ZACATELCO",10,159,26,"Zacatelco",250,0.104,0.163522012578616
"371",29,5,"TLAXCALA","APIZACO",36,323,40,"Apizaco",489,0.081799591002045,0.123839009287926
"372",29,6,"TLAXCALA","CALPULALPAN",5,72,16,"Calpulalpan",254,0.062992125984252,0.222222222222222
"373",3,1,"BAJA CALIFORNIA SUR","COMONDÚ",3,205,17,"Comondú",430,0.0395348837209302,0.0829268292682927
"374",3,2,"BAJA CALIFORNIA SUR","MULEGÉ",5,346,7,"Mulegé",303,0.0231023102310231,0.0202312138728324
"375",3,3,"BAJA CALIFORNIA SUR","LA PAZ",22,1063,49,"La Paz",1556,0.0314910025706941,0.0460959548447789
"376",3,8,"BAJA CALIFORNIA SUR","LOS CABOS",8,756,28,"Los Cabos",1055,0.0265402843601896,0.037037037037037
"377",3,9,"BAJA CALIFORNIA SUR","LORETO",1,136,2,"Loreto",97,0.0206185567010309,0.0147058823529412
"378",30,102,"VERACRUZ","MARTÍNEZ DE LA TORRE",2,174,26,"Martínez de la Torre",755,0.0344370860927152,0.149425287356322
"379",30,105,"VERACRUZ","MEDELLÍN DE BRAVO",5,161,22,"Medellín",379,0.0580474934036939,0.136645962732919
"380",30,108,"VERACRUZ","MINATITLÁN",8,567,121,"Minatitlán",1148,0.105400696864111,0.213403880070547
"381",30,11,"VERACRUZ","ALVARADO",3,118,14,"Alvarado",421,0.0332541567695962,0.11864406779661
"382",30,115,"VERACRUZ","NOGALES",2,66,4,"Nogales",313,0.012779552715655,0.0606060606060606
"383",30,118,"VERACRUZ","ORIZABA",5,382,22,"Orizaba",1054,0.0208728652751423,0.0575916230366492
"384",30,123,"VERACRUZ","PÁNUCO",1,98,8,"Pánuco",513,0.0155945419103314,0.0816326530612245
"385",30,124,"VERACRUZ","PAPANTLA",19,171,34,"Papantla",1188,0.0286195286195286,0.198830409356725
"386",30,128,"VERACRUZ","PEROTE",3,95,22,"Perote",387,0.0568475452196382,0.231578947368421
"387",30,131,"VERACRUZ","POZA RICA DE HIDALGO",109,738,124,"Poza Rica de Hidalgo",1526,0.0812581913499345,0.168021680216802
"388",30,138,"VERACRUZ","RÍO BLANCO",2,117,5,"Río Blanco",359,0.0139275766016713,0.0427350427350427
"389",30,14,"VERACRUZ","AMATLÁN DE LOS REYES",1,66,4,"Amatlán de los Reyes",277,0.0144404332129964,0.0606060606060606
"390",30,141,"VERACRUZ","SAN ANDRÉS TUXTLA",12,242,68,"San Andrés Tuxtla",1043,0.0651965484180249,0.28099173553719
"391",30,143,"VERACRUZ","SANTIAGO TUXTLA",3,58,15,"Santiago Tuxtla",380,0.0394736842105263,0.258620689655172
"392",30,16,"VERACRUZ","LA ANTIGUA",1,131,12,"La Antigua",243,0.0493827160493827,0.0916030534351145
"393",30,160,"VERACRUZ","ÁLAMO TEMAPACHE",5,54,3,"Álamo Temapache",798,0.0037593984962406,0.0555555555555556
"394",30,174,"VERACRUZ","TIERRA BLANCA",13,147,16,"Tierra Blanca",763,0.0209698558322412,0.108843537414966
"395",30,175,"VERACRUZ","TIHUATLÁN",24,77,25,"Tihuatlán",630,0.0396825396825397,0.324675324675325
"396",30,189,"VERACRUZ","TUXPAN",26,347,33,"Tuxpan",969,0.0340557275541796,0.0951008645533141
"397",30,193,"VERACRUZ","VERACRUZ",152,3848,551,"Veracruz",3907,0.14102892244689,0.143191268191268
"398",30,204,"VERACRUZ","AGUA DULCE",1,71,22,"Agua Dulce",335,0.0656716417910448,0.309859154929577
"399",30,206,"VERACRUZ","NANCHITAL DE LÁZARO CÁRDENAS DEL RÍO",3,116,33,"Nanchital de Lázaro Cárdenas del Río",137,0.240875912408759,0.28448275862069
"400",30,207,"VERACRUZ","TRES VALLES",0,74,5,"Tres Valles",322,0.015527950310559,0.0675675675675676
"401",30,208,"VERACRUZ","CARLOS A. CARRILLO",0,54,5,"Carlos A. Carrillo",213,0.0234741784037559,0.0925925925925926
"402",30,28,"VERACRUZ","BOCA DEL RÍO",19,429,51,"Boca del Río",1059,0.0481586402266289,0.118881118881119
"403",30,3,"VERACRUZ","ACAYUCAN",4,89,14,"Acayucan",561,0.0249554367201426,0.157303370786517
"404",30,38,"VERACRUZ","COATEPEC",1,75,14,"Coatepec",620,0.0225806451612903,0.186666666666667
"405",30,39,"VERACRUZ","COATZACOALCOS",15,1132,258,"Coatzacoalcos",2060,0.125242718446602,0.22791519434629
"406",30,40,"VERACRUZ","COATZINTLA",10,93,15,"Coatzintla",403,0.0372208436724566,0.161290322580645
"407",30,44,"VERACRUZ","CÓRDOBA",13,863,70,"Córdoba",1485,0.0471380471380471,0.0811123986095017
"408",30,45,"VERACRUZ","COSAMALOAPAN DE CARPIO",2,272,18,"Cosamaloapan de Carpio",490,0.036734693877551,0.0661764705882353
"409",30,48,"VERACRUZ","COSOLEACAQUE",1,215,54,"Cosoleacaque",773,0.0698576972833118,0.251162790697674
"410",30,61,"VERACRUZ","LAS CHOAPAS",2,126,28,"Las Choapas",473,0.0591966173361522,0.222222222222222
"411",30,65,"VERACRUZ","EMILIANO ZAPATA",1,58,6,"Emiliano Zapata",389,0.0154241645244216,0.103448275862069
"412",30,68,"VERACRUZ","FORTÍN",1,217,11,"Fortín",348,0.0316091954022989,0.0506912442396313
"413",30,85,"VERACRUZ","IXTACZOQUITLÁN",1,103,9,"Ixtaczoquitlán",336,0.0267857142857143,0.087378640776699
"414",30,87,"VERACRUZ","XALAPA",9,687,87,"Xalapa",2944,0.0295516304347826,0.126637554585153
"415",30,89,"VERACRUZ","JÁLTIPAN",0,82,22,"Jáltipan",305,0.0721311475409836,0.268292682926829
"416",31,101,"YUCATÁN","UMÁN",2,260,31,"Umán",292,0.106164383561644,0.119230769230769
"417",31,102,"YUCATÁN","VALLADOLID",6,372,14,"Valladolid",416,0.0336538461538462,0.0376344086021505
"418",31,2,"YUCATÁN","ACANCEH",0,51,17,"Acanceh",84,0.202380952380952,0.333333333333333
"419",31,38,"YUCATÁN","HUNUCMÁ",0,93,12,"Hunucmá",177,0.0677966101694915,0.129032258064516
"420",31,40,"YUCATÁN","IZAMAL",0,53,8,"Izamal",227,0.0352422907488987,0.150943396226415
"421",31,41,"YUCATÁN","KANASÍN",2,259,28,"Kanasín",408,0.0686274509803922,0.108108108108108
"422",31,50,"YUCATÁN","MÉRIDA",40,3618,278,"Mérida",5581,0.0498118616735352,0.0768380320619127
"423",31,52,"YUCATÁN","MOTUL",1,52,12,"Motul",215,0.0558139534883721,0.230769230769231
"424",31,59,"YUCATÁN","PROGRESO",4,117,8,"Progreso",382,0.0209424083769634,0.0683760683760684
"425",31,79,"YUCATÁN","TEKAX",1,112,9,"Tekax",213,0.0422535211267606,0.0803571428571429
"426",31,85,"YUCATÁN","TEMOZÓN",0,58,1,"Temozón",73,0.0136986301369863,0.0172413793103448
"427",31,89,"YUCATÁN","TICUL",0,193,13,"Ticul",209,0.062200956937799,0.0673575129533679
"428",31,96,"YUCATÁN","TIZIMÍN",1,100,2,"Tizimín",461,0.00433839479392625,0.02
"429",32,10,"ZACATECAS","FRESNILLO",6,398,33,"Fresnillo",1407,0.023454157782516,0.0829145728643216
"430",32,17,"ZACATECAS","GUADALUPE",5,255,11,"Guadalupe",770,0.0142857142857143,0.0431372549019608
"431",32,39,"ZACATECAS","RÍO GRANDE",3,51,9,"Río Grande",439,0.020501138952164,0.176470588235294
"432",32,56,"ZACATECAS","ZACATECAS",14,253,21,"Zacatecas",851,0.0246768507638073,0.08300395256917
"433",4,1,"CAMPECHE","CALKINÍ",3,91,9,"Calkiní",348,0.0258620689655172,0.0989010989010989
"434",4,2,"CAMPECHE","CAMPECHE",22,1222,100,"Campeche",1578,0.0633713561470216,0.0818330605564648
"435",4,3,"CAMPECHE","CARMEN",110,1101,136,"Carmen",1233,0.110300081103001,0.123524069028156
"436",4,4,"CAMPECHE","CHAMPOTÓN",3,105,17,"Champotón",486,0.0349794238683128,0.161904761904762
"437",4,5,"CAMPECHE","HECELCHAKÁN",3,83,5,"Hecelchakán",165,0.0303030303030303,0.0602409638554217
"438",4,9,"CAMPECHE","ESCÁRCEGA",2,218,4,"Escárcega",314,0.0127388535031847,0.018348623853211
"439",5,10,"COAHUILA","FRONTERA",0,124,11,"Frontera",436,0.0252293577981651,0.0887096774193548
"440",5,17,"COAHUILA","MATAMOROS",3,247,21,"Matamoros",636,0.0330188679245283,0.0850202429149798
"441",5,18,"COAHUILA","MONCLOVA",9,458,56,"Monclova",1456,0.0384615384615385,0.122270742358079
"442",5,2,"COAHUILA","ACUÑA",0,724,45,"Acuña",655,0.0687022900763359,0.0621546961325967
"443",5,20,"COAHUILA","MÚZQUIZ",0,159,9,"Múzquiz",509,0.0176817288801572,0.0566037735849057
"444",5,25,"COAHUILA","PIEDRAS NEGRAS",2,398,15,"Piedras Negras",969,0.0154798761609907,0.0376884422110553
"445",5,28,"COAHUILA","SABINAS",0,364,9,"Sabinas",431,0.0208816705336427,0.0247252747252747
"446",5,30,"COAHUILA","SALTILLO",15,847,46,"Saltillo",4170,0.011031175059952,0.0543093270365998
"447",5,32,"COAHUILA","SAN JUAN DE SABINAS",0,267,9,"San Juan de Sabinas",366,0.0245901639344262,0.0337078651685393
"448",5,33,"COAHUILA","SAN PEDRO",0,537,22,"San Pedro",749,0.0293724966622163,0.0409683426443203
"449",5,35,"COAHUILA","TORREÓN",22,2578,136,"Torreón",3999,0.0340085021255314,0.0527540729247479
"450",5,9,"COAHUILA","FRANCISCO I. MADERO",3,279,20,"Francisco I. Madero",327,0.0611620795107034,0.0716845878136201
"451",6,10,"COLIMA","VILLA DE ÁLVAREZ",1,78,3,"Villa de Álvarez",594,0.00505050505050505,0.0384615384615385
"452",6,2,"COLIMA","COLIMA",1,113,6,"Colima",1031,0.005819592628516,0.0530973451327434
"453",6,7,"COLIMA","MANZANILLO",43,520,69,"Manzanillo",1137,0.0606860158311346,0.132692307692308
"454",6,9,"COLIMA","TECOMÁN",3,163,16,"Tecomán",891,0.0179573512906846,0.098159509202454
"455",7,101,"CHIAPAS","TUXTLA GUTIÉRREZ",69,2186,318,"Tuxtla Gutiérrez",3198,0.099437148217636,0.145471180237877
"456",7,106,"CHIAPAS","VENUSTIANO CARRANZA",3,73,16,"Venustiano Carranza",362,0.0441988950276243,0.219178082191781
"457",7,19,"CHIAPAS","COMITÁN DE DOMÍNGUEZ",5,124,25,"Comitán de Domínguez",791,0.0316055625790139,0.201612903225806
"458",7,27,"CHIAPAS","CHIAPA DE CORZO",8,138,32,"Chiapa de Corzo",523,0.0611854684512428,0.231884057971014
"459",7,40,"CHIAPAS","HUIXTLA",4,98,19,"Huixtla",371,0.0512129380053908,0.193877551020408
"460",7,59,"CHIAPAS","OCOSINGO",10,68,21,"Ocosingo",692,0.0303468208092486,0.308823529411765
"461",7,61,"CHIAPAS","OCOZOCOAUTLA DE ESPINOSA",4,85,18,"Ocozocoautla de Espinosa",434,0.0414746543778802,0.211764705882353
"462",7,65,"CHIAPAS","PALENQUE",8,101,11,"Palenque",563,0.019538188277087,0.108910891089109
"463",7,68,"CHIAPAS","PICHUCALCO",0,68,1,"Pichucalco",203,0.00492610837438424,0.0147058823529412
"464",7,74,"CHIAPAS","REFORMA",10,89,9,"Reforma",232,0.0387931034482759,0.101123595505618
"465",7,78,"CHIAPAS","SAN CRISTÓBAL DE LAS CASAS",11,296,33,"San Cristóbal de las Casas",972,0.0339506172839506,0.111486486486486
"466",7,89,"CHIAPAS","TAPACHULA",23,843,161,"Tapachula",2264,0.071113074204947,0.190984578884935
"467",7,9,"CHIAPAS","ARRIAGA",7,55,9,"Arriaga",303,0.0297029702970297,0.163636363636364
"468",7,97,"CHIAPAS","TONALÁ",11,112,20,"Tonalá",560,0.0357142857142857,0.178571428571429
"469",8,17,"CHIHUAHUA","CUAUHTÉMOC",3,61,8,"Cuauhtémoc",1169,0.00684345594525235,0.131147540983607
"470",8,19,"CHIHUAHUA","CHIHUAHUA",48,791,134,"Chihuahua",5923,0.0226236704372784,0.169405815423515
"471",8,21,"CHIHUAHUA","DELICIAS",4,189,18,"Delicias",989,0.0182002022244692,0.0952380952380952
"472",8,32,"CHIHUAHUA","HIDALGO DEL PARRAL",3,98,6,"Hidalgo del Parral",824,0.00728155339805825,0.0612244897959184
"473",8,37,"CHIHUAHUA","JUÁREZ",452,2406,623,"Juárez",8831,0.0705469369267354,0.258935993349958
"474",9,10,"CDMX","ÁLVARO OBREGÓN",87,4153,534,"Álvaro Obregón",4899,0.109001837109614,0.128581748133879
"475",9,11,"CDMX","TLÁHUAC",41,2997,189,"Tláhuac",1912,0.0988493723849372,0.0630630630630631
"476",9,12,"CDMX","TLALPAN",122,4540,346,"Tlalpan",3874,0.0893133711925658,0.0762114537444934
"477",9,13,"CDMX","XOCHIMILCO",72,3776,266,"Xochimilco",2563,0.103784627389778,0.0704449152542373
"478",9,14,"CDMX","BENITO JUÁREZ",61,1984,228,"Benito Juárez",3145,0.0724960254372019,0.11491935483871
"479",9,15,"CDMX","CUAUHTÉMOC",87,3380,492,"Cuauhtémoc",4286,0.114792347176855,0.145562130177515
"480",9,16,"CDMX","MIGUEL HIDALGO",47,2306,234,"Miguel Hidalgo",2925,0.08,0.101474414570685
"481",9,17,"CDMX","VENUSTIANO CARRANZA",75,3008,410,"Venustiano Carranza",3682,0.111352525801195,0.136303191489362
"482",9,2,"CDMX","AZCAPOTZALCO",46,3442,454,"Azcapotzalco",3583,0.126709461345241,0.131900058105752
"483",9,3,"CDMX","COYOACÁN",95,3734,380,"Coyoacán",4445,0.0854893138357705,0.101767541510445
"484",9,4,"CDMX","CUAJIMALPA DE MORELOS",21,1307,105,"Cuajimalpa de Morelos",982,0.106924643584521,0.080336648814078
"485",9,5,"CDMX","GUSTAVO A. MADERO",197,7294,1269,"Gustavo A. Madero",9664,0.131312086092715,0.173978612558267
"486",9,6,"CDMX","IZTACALCO",61,2916,434,"Iztacalco",3269,0.132762312633833,0.14883401920439
"487",9,7,"CDMX","IZTAPALAPA",294,9737,1447,"Iztapalapa",11576,0.125,0.14860840094485
"488",9,8,"CDMX","LA MAGDALENA CONTRERAS",23,1725,126,"La Magdalena Contreras",1527,0.0825147347740668,0.0730434782608696
"489",9,9,"CDMX","MILPA ALTA",14,1812,67,"Milpa Alta",723,0.0926694329183956,0.0369757174392936
