"","ENTIDAD_RES","MUNICIPIO_RES","Nombre_Estado","UCI","positivos","decesos","Nombre_municipio","Defunciones_2018","porc_aumento","CFR_municipal"
"1",1,1,"AGUASCALIENTES",37,3957,305,"Aguascalientes",4250,0.0717647058823529,0.0770785948951226
"2",1,11,"AGUASCALIENTES",1,54,8,"San Francisco de los Romo",190,0.0421052631578947,0.148148148148148
"3",1,2,"AGUASCALIENTES",0,84,6,"Asientos",236,0.0254237288135593,0.0714285714285714
"4",1,3,"AGUASCALIENTES",3,137,4,"Calvillo",326,0.0122699386503067,0.0291970802919708
"5",1,4,"AGUASCALIENTES",0,79,0,"Cosío",87,0,0
"6",1,5,"AGUASCALIENTES",3,182,7,"Jesús María",453,0.0154525386313466,0.0384615384615385
"7",1,6,"AGUASCALIENTES",1,191,8,"Pabellón de Arteaga",218,0.036697247706422,0.0418848167539267
"8",1,7,"AGUASCALIENTES",0,360,8,"Rincón de Romos",219,0.0365296803652968,0.0222222222222222
"9",1,8,"AGUASCALIENTES",0,54,1,"San José de Gracia",40,0.025,0.0185185185185185
"10",1,9,"AGUASCALIENTES",0,135,2,"Tepezalá",102,0.0196078431372549,0.0148148148148148
"11",10,12,"DURANGO",9,575,27,"Lerdo",800,0.03375,0.0469565217391304
"12",10,23,"DURANGO",0,77,4,"Pueblo Nuevo",200,0.02,0.051948051948052
"13",10,34,"DURANGO",0,60,1,"Tamazula",38,0.0263157894736842,0.0166666666666667
"14",10,36,"DURANGO",6,77,14,"Tlahualilo",143,0.0979020979020979,0.181818181818182
"15",10,5,"DURANGO",54,2621,145,"Durango",3315,0.0437405731523379,0.0553223960320488
"16",10,7,"DURANGO",32,2085,164,"Gómez Palacio",1846,0.0888407367280607,0.0786570743405276
"17",10,8,"DURANGO",4,54,7,"Guadalupe Victoria",193,0.0362694300518135,0.12962962962963
"18",11,1,"GUANAJUATO",4,174,8,"Abasolo",604,0.0132450331125828,0.0459770114942529
"19",11,11,"GUANAJUATO",9,375,30,"Cortazar",718,0.0417827298050139,0.08
"20",11,12,"GUANAJUATO",0,113,0,"Cuerámaro",222,0,0
"21",11,14,"GUANAJUATO",2,454,24,"Dolores Hidalgo Cuna de la Independencia Nacional",899,0.0266963292547275,0.052863436123348
"22",11,15,"GUANAJUATO",27,839,33,"Guanajuato",948,0.0348101265822785,0.0393325387365912
"23",11,16,"GUANAJUATO",1,89,2,"Huanímaro",158,0.0126582278481013,0.0224719101123595
"24",11,17,"GUANAJUATO",17,3237,195,"Irapuato",3555,0.0548523206751055,0.0602409638554217
"25",11,18,"GUANAJUATO",1,226,6,"Jaral del Progreso",269,0.0223048327137546,0.0265486725663717
"26",11,19,"GUANAJUATO",2,95,4,"Jerécuaro",350,0.0114285714285714,0.0421052631578947
"27",11,2,"GUANAJUATO",6,457,16,"Acámbaro",954,0.0167714884696017,0.0350109409190372
"28",11,20,"GUANAJUATO",53,11718,733,"León",8055,0.0909993792675357,0.0625533367468851
"29",11,21,"GUANAJUATO",1,215,6,"Moroleón",371,0.0161725067385445,0.027906976744186
"30",11,22,"GUANAJUATO",0,137,3,"Ocampo",141,0.0212765957446809,0.0218978102189781
"31",11,23,"GUANAJUATO",57,454,25,"Pénjamo",1164,0.0214776632302405,0.0550660792951542
"32",11,25,"GUANAJUATO",3,192,7,"Purísima del Rincón",366,0.0191256830601093,0.0364583333333333
"33",11,26,"GUANAJUATO",5,336,6,"Romita",360,0.0166666666666667,0.0178571428571429
"34",11,27,"GUANAJUATO",12,1485,57,"Salamanca",2052,0.0277777777777778,0.0383838383838384
"35",11,28,"GUANAJUATO",28,446,14,"Salvatierra",957,0.0146290491118077,0.031390134529148
"36",11,29,"GUANAJUATO",0,166,3,"San Diego de la Unión",218,0.0137614678899083,0.0180722891566265
"37",11,3,"GUANAJUATO",4,329,20,"San Miguel de Allende",1010,0.0198019801980198,0.060790273556231
"38",11,30,"GUANAJUATO",0,327,9,"San Felipe",580,0.0155172413793103,0.0275229357798165
"39",11,31,"GUANAJUATO",5,626,18,"San Francisco del Rincón",650,0.0276923076923077,0.0287539936102236
"40",11,32,"GUANAJUATO",3,173,14,"San José Iturbide",413,0.0338983050847458,0.0809248554913295
"41",11,33,"GUANAJUATO",4,445,36,"San Luis de la Paz",647,0.0556414219474498,0.0808988764044944
"42",11,35,"GUANAJUATO",8,292,23,"Santa Cruz de Juventino Rosas",475,0.0484210526315789,0.0787671232876712
"43",11,36,"GUANAJUATO",1,54,1,"Santiago Maravatío",78,0.0128205128205128,0.0185185185185185
"44",11,37,"GUANAJUATO",8,1210,67,"Silao",1116,0.0600358422939068,0.0553719008264463
"45",11,39,"GUANAJUATO",0,91,2,"Tarimoro",321,0.00623052959501558,0.021978021978022
"46",11,4,"GUANAJUATO",2,114,5,"Apaseo el Alto",464,0.0107758620689655,0.043859649122807
"47",11,41,"GUANAJUATO",1,168,2,"Uriangato",405,0.00493827160493827,0.0119047619047619
"48",11,42,"GUANAJUATO",28,636,16,"Valle de Santiago",1048,0.0152671755725191,0.0251572327044025
"49",11,44,"GUANAJUATO",7,201,24,"Villagrán",416,0.0576923076923077,0.119402985074627
"50",11,46,"GUANAJUATO",3,179,4,"Yuriria",611,0.00654664484451719,0.0223463687150838
"51",11,5,"GUANAJUATO",6,202,18,"Apaseo el Grande",555,0.0324324324324324,0.0891089108910891
"52",11,7,"GUANAJUATO",65,2191,149,"Celaya",3103,0.0480180470512407,0.0680054769511639
"53",11,8,"GUANAJUATO",1,81,1,"Manuel Doblado",224,0.00446428571428571,0.0123456790123457
"54",11,9,"GUANAJUATO",3,145,9,"Comonfort",507,0.0177514792899408,0.0620689655172414
"55",12,1,"GUERRERO",156,6648,821,"Acapulco de Juárez",5008,0.163937699680511,0.12349578820698
"56",12,11,"GUERRERO",5,150,13,"Atoyac de Álvarez",323,0.0402476780185759,0.0866666666666667
"57",12,12,"GUERRERO",2,107,11,"Ayutla de los Libres",203,0.0541871921182266,0.102803738317757
"58",12,2,"GUERRERO",1,75,2,"Ahuacuotzingo",119,0.0168067226890756,0.0266666666666667
"59",12,21,"GUERRERO",9,66,19,"Coyuca de Benítez",404,0.047029702970297,0.287878787878788
"60",12,22,"GUERRERO",3,85,16,"Coyuca de Catalán",205,0.0780487804878049,0.188235294117647
"61",12,23,"GUERRERO",0,57,2,"Cuajinicuilapa",145,0.0137931034482759,0.0350877192982456
"62",12,28,"GUERRERO",10,192,23,"Chilapa de Álvarez",702,0.0327635327635328,0.119791666666667
"63",12,29,"GUERRERO",101,2353,164,"Chilpancingo de los Bravo",1214,0.135090609555189,0.0696982575435614
"64",12,3,"GUERRERO",2,87,7,"Ajuchitlán del Progreso",129,0.0542635658914729,0.0804597701149425
"65",12,35,"GUERRERO",15,327,93,"Iguala de la Independencia",1004,0.0926294820717131,0.284403669724771
"66",12,38,"GUERRERO",48,1059,74,"Zihuatanejo de Azueta",568,0.130281690140845,0.0698772426817753
"67",12,39,"GUERRERO",6,114,6,"Juan R. Escudero",143,0.041958041958042,0.0526315789473684
"68",12,46,"GUERRERO",1,306,25,"Ometepec",236,0.105932203389831,0.0816993464052288
"69",12,48,"GUERRERO",8,104,8,"Petatlán",217,0.0368663594470046,0.0769230769230769
"70",12,50,"GUERRERO",1,216,32,"Pungarabato",159,0.20125786163522,0.148148148148148
"71",12,53,"GUERRERO",3,59,10,"San Marcos",257,0.0389105058365759,0.169491525423729
"72",12,55,"GUERRERO",57,173,56,"Taxco de Alarcón",675,0.082962962962963,0.323699421965318
"73",12,56,"GUERRERO",7,79,6,"Tecoanapa",191,0.031413612565445,0.0759493670886076
"74",12,57,"GUERRERO",7,101,16,"Técpan de Galeana",335,0.0477611940298507,0.158415841584158
"75",12,58,"GUERRERO",4,62,10,"Teloloapan",321,0.0311526479750779,0.161290322580645
"76",12,61,"GUERRERO",9,256,14,"Tixtla de Guerrero",254,0.0551181102362205,0.0546875
"77",12,66,"GUERRERO",7,247,44,"Tlapa de Comonfort",365,0.120547945205479,0.178137651821862
"78",12,67,"GUERRERO",2,79,8,"Tlapehuala",137,0.0583941605839416,0.10126582278481
"79",12,68,"GUERRERO",3,74,6,"La Unión de Isidoro Montes de Oca",105,0.0571428571428571,0.0810810810810811
"80",12,7,"GUERRERO",3,113,9,"Arcelia",157,0.0573248407643312,0.079646017699115
"81",12,71,"GUERRERO",1,51,2,"Xochistlahuaca",135,0.0148148148148148,0.0392156862745098
"82",12,73,"GUERRERO",1,67,1,"Zirándaro",68,0.0147058823529412,0.0149253731343284
"83",12,75,"GUERRERO",25,122,22,"Eduardo Neri",274,0.0802919708029197,0.180327868852459
"84",13,1,"HIDALGO",5,63,13,"Acatlán",117,0.111111111111111,0.206349206349206
"85",13,10,"HIDALGO",5,111,21,"Atitalaquia",138,0.152173913043478,0.189189189189189
"86",13,13,"HIDALGO",4,127,32,"Atotonilco de Tula",210,0.152380952380952,0.251968503937008
"87",13,16,"HIDALGO",6,87,24,"Cuautepec de Hinojosa",311,0.0771704180064309,0.275862068965517
"88",13,21,"HIDALGO",0,167,15,"Emiliano Zapata",90,0.166666666666667,0.0898203592814371
"89",13,23,"HIDALGO",2,70,21,"Francisco I. Madero",172,0.122093023255814,0.3
"90",13,28,"HIDALGO",8,342,54,"Huejutla de Reyes",622,0.0868167202572347,0.157894736842105
"91",13,29,"HIDALGO",5,90,12,"Huichapan",259,0.0463320463320463,0.133333333333333
"92",13,3,"HIDALGO",5,165,31,"Actopan",335,0.0925373134328358,0.187878787878788
"93",13,30,"HIDALGO",1,196,39,"Ixmiquilpan",556,0.0701438848920863,0.198979591836735
"94",13,39,"HIDALGO",2,55,10,"Mineral del Monte",89,0.112359550561798,0.181818181818182
"95",13,41,"HIDALGO",1,122,20,"Mixquiahuala de Juárez",233,0.0858369098712446,0.163934426229508
"96",13,48,"HIDALGO",38,2121,216,"Pachuca de Soto",1581,0.136622390891841,0.101838755304102
"97",13,50,"HIDALGO",2,69,12,"Progreso de Obregón",133,0.0902255639097744,0.173913043478261
"98",13,51,"HIDALGO",9,825,66,"Mineral de la Reforma",619,0.106623586429725,0.08
"99",13,52,"HIDALGO",2,119,25,"San Agustín Tlaxiaca",177,0.141242937853107,0.210084033613445
"100",13,54,"HIDALGO",2,86,18,"San Salvador",192,0.09375,0.209302325581395
"101",13,56,"HIDALGO",6,107,24,"Santiago Tulantepec de Lugo Guerrero",185,0.12972972972973,0.224299065420561
"102",13,61,"HIDALGO",2,369,49,"Tepeapulco",288,0.170138888888889,0.132791327913279
"103",13,63,"HIDALGO",10,389,74,"Tepeji del Río de Ocampo",429,0.172494172494172,0.190231362467866
"104",13,67,"HIDALGO",7,146,34,"Tezontepec de Aldama",294,0.115646258503401,0.232876712328767
"105",13,69,"HIDALGO",5,753,95,"Tizayuca",537,0.176908752327747,0.126162018592297
"106",13,7,"HIDALGO",0,57,4,"Almoloya",73,0.0547945205479452,0.0701754385964912
"107",13,72,"HIDALGO",0,75,14,"Tlanalapa",58,0.241379310344828,0.186666666666667
"108",13,74,"HIDALGO",5,134,29,"Tlaxcoapan",148,0.195945945945946,0.216417910447761
"109",13,75,"HIDALGO",2,100,16,"Tolcayuca",83,0.192771084337349,0.16
"110",13,76,"HIDALGO",15,364,66,"Tula de Allende",640,0.103125,0.181318681318681
"111",13,77,"HIDALGO",29,627,113,"Tulancingo de Bravo",922,0.122559652928416,0.180223285486443
"112",13,8,"HIDALGO",6,308,38,"Apan",277,0.137184115523466,0.123376623376623
"113",13,81,"HIDALGO",0,59,11,"Zacualtipán de Ángeles",197,0.0558375634517767,0.186440677966102
"114",13,82,"HIDALGO",1,79,19,"Zapotlán de Juárez",121,0.15702479338843,0.240506329113924
"115",13,83,"HIDALGO",3,239,31,"Zempoala",230,0.134782608695652,0.129707112970711
"116",14,101,"JALISCO",34,1064,123,"Tonalá",2342,0.0525192143467122,0.115601503759398
"117",14,108,"JALISCO",6,77,12,"Tuxpan",241,0.0497925311203319,0.155844155844156
"118",14,119,"JALISCO",5,66,5,"Zacoalco de Torres",206,0.0242718446601942,0.0757575757575758
"119",14,120,"JALISCO",101,2874,242,"Zapopan",6610,0.0366111951588502,0.0842032011134308
"120",14,121,"JALISCO",4,55,8,"Zapotiltic",246,0.032520325203252,0.145454545454545
"121",14,124,"JALISCO",2,57,5,"Zapotlanejo",393,0.0127226463104326,0.087719298245614
"122",14,13,"JALISCO",2,156,4,"Atotonilco el Alto",361,0.0110803324099723,0.0256410256410256
"123",14,15,"JALISCO",10,220,26,"Autlán de Navarro",416,0.0625,0.118181818181818
"124",14,18,"JALISCO",1,184,27,"La Barca",441,0.0612244897959184,0.146739130434783
"125",14,22,"JALISCO",12,82,22,"Cihuatlán",236,0.0932203389830508,0.268292682926829
"126",14,23,"JALISCO",17,528,31,"Zapotlán el Grande",668,0.0464071856287425,0.0587121212121212
"127",14,24,"JALISCO",3,59,14,"Cocula",207,0.0676328502415459,0.23728813559322
"128",14,25,"JALISCO",1,74,3,"Colotlán",130,0.0230769230769231,0.0405405405405405
"129",14,39,"JALISCO",176,6025,851,"Guadalajara",11462,0.074245332402722,0.141244813278008
"130",14,43,"JALISCO",1,51,5,"La Huerta",157,0.0318471337579618,0.0980392156862745
"131",14,53,"JALISCO",3,282,44,"Lagos de Moreno",965,0.0455958549222798,0.156028368794326
"132",14,6,"JALISCO",8,86,13,"Ameca",430,0.0302325581395349,0.151162790697674
"133",14,63,"JALISCO",2,197,26,"Ocotlán",607,0.042833607907743,0.131979695431472
"134",14,66,"JALISCO",2,59,6,"Poncitlán",287,0.0209059233449477,0.101694915254237
"135",14,67,"JALISCO",150,1559,176,"Puerto Vallarta",1365,0.128937728937729,0.112892880051315
"136",14,70,"JALISCO",13,291,42,"El Salto",900,0.0466666666666667,0.144329896907216
"137",14,73,"JALISCO",2,160,12,"San Juan de los Lagos",412,0.029126213592233,0.075
"138",14,79,"JALISCO",3,61,8,"Gómez Farías",101,0.0792079207920792,0.131147540983607
"139",14,8,"JALISCO",6,52,6,"Arandas",432,0.0138888888888889,0.115384615384615
"140",14,83,"JALISCO",2,157,22,"Tala",485,0.045360824742268,0.140127388535032
"141",14,85,"JALISCO",2,160,3,"Tamazula de Gordiano",303,0.0099009900990099,0.01875
"142",14,93,"JALISCO",13,281,13,"Tepatitlán de Morelos",799,0.016270337922403,0.0462633451957295
"143",14,97,"JALISCO",31,947,107,"Tlajomulco de Zúñiga",2216,0.0482851985559567,0.1129883843717
"144",14,98,"JALISCO",42,1330,190,"San Pedro Tlaquepaque",3441,0.0552165068294101,0.142857142857143
"145",15,1,"EDOMEX",9,126,11,"Acambay",379,0.029023746701847,0.0873015873015873
"146",15,10,"EDOMEX",2,71,22,"Apaxco",148,0.148648648648649,0.309859154929577
"147",15,100,"EDOMEX",1,162,19,"Tezoyuca",226,0.084070796460177,0.117283950617284
"148",15,101,"EDOMEX",9,234,43,"Tianguistenco",436,0.0986238532110092,0.183760683760684
"149",15,103,"EDOMEX",4,267,15,"Tlalmanalco",307,0.0488599348534202,0.0561797752808989
"150",15,104,"EDOMEX",71,3493,494,"Tlalnepantla de Baz",4655,0.106122448979592,0.141425708559977
"151",15,106,"EDOMEX",124,5253,700,"Toluca",4468,0.156669650850492,0.133257186369693
"152",15,108,"EDOMEX",8,578,83,"Tultepec",699,0.118741058655222,0.143598615916955
"153",15,109,"EDOMEX",20,1881,364,"Tultitlán",2448,0.148692810457516,0.19351408825093
"154",15,11,"EDOMEX",4,180,21,"Atenco",294,0.0714285714285714,0.116666666666667
"155",15,110,"EDOMEX",7,252,20,"Valle de Bravo",408,0.0490196078431373,0.0793650793650794
"156",15,111,"EDOMEX",2,51,7,"Villa de Allende",248,0.0282258064516129,0.137254901960784
"157",15,112,"EDOMEX",0,69,5,"Villa del Carbón",223,0.0224215246636771,0.072463768115942
"158",15,113,"EDOMEX",1,82,9,"Villa Guerrero",352,0.0255681818181818,0.109756097560976
"159",15,114,"EDOMEX",2,136,10,"Villa Victoria",475,0.0210526315789474,0.0735294117647059
"160",15,115,"EDOMEX",11,289,54,"Xonacatlán",301,0.179401993355482,0.186851211072664
"161",15,118,"EDOMEX",22,684,133,"Zinacantepec",827,0.160822249093108,0.194444444444444
"162",15,12,"EDOMEX",3,214,46,"Atizapán",133,0.345864661654135,0.214953271028037
"163",15,120,"EDOMEX",15,901,116,"Zumpango",938,0.123667377398721,0.128745837957825
"164",15,121,"EDOMEX",18,1357,289,"Cuautitlán Izcalli",2681,0.107795598657217,0.212969786293294
"165",15,122,"EDOMEX",47,784,178,"Valle de Chalco Solidaridad",1667,0.106778644271146,0.227040816326531
"166",15,123,"EDOMEX",2,83,10,"Luvianos",189,0.0529100529100529,0.120481927710843
"167",15,124,"EDOMEX",3,73,12,"San José del Rincón",483,0.0248447204968944,0.164383561643836
"168",15,13,"EDOMEX",44,1647,256,"Atizapán de Zaragoza",2593,0.0987273428461242,0.155434122647237
"169",15,14,"EDOMEX",9,472,45,"Atlacomulco",523,0.0860420650095602,0.0953389830508475
"170",15,15,"EDOMEX",2,52,3,"Atlautla",161,0.0186335403726708,0.0576923076923077
"171",15,16,"EDOMEX",2,159,10,"Axapusco",129,0.0775193798449612,0.0628930817610063
"172",15,18,"EDOMEX",7,212,37,"Calimaya",261,0.14176245210728,0.174528301886792
"173",15,19,"EDOMEX",8,152,25,"Capulhuac",210,0.119047619047619,0.164473684210526
"174",15,2,"EDOMEX",9,602,50,"Acolman",602,0.0830564784053156,0.0830564784053156
"175",15,20,"EDOMEX",19,1228,192,"Coacalco de Berriozábal",1410,0.136170212765957,0.156351791530945
"176",15,22,"EDOMEX",5,74,6,"Cocotitlán",93,0.0645161290322581,0.0810810810810811
"177",15,23,"EDOMEX",8,174,34,"Coyotepec",287,0.118466898954704,0.195402298850575
"178",15,24,"EDOMEX",25,1190,123,"Cuautitlán",547,0.224862888482633,0.103361344537815
"179",15,25,"EDOMEX",103,2589,400,"Chalco",1761,0.227143668370244,0.154499806875241
"180",15,27,"EDOMEX",3,69,15,"Chapultepec",44,0.340909090909091,0.217391304347826
"181",15,28,"EDOMEX",0,74,7,"Chiautla",164,0.0426829268292683,0.0945945945945946
"182",15,29,"EDOMEX",20,578,81,"Chicoloapan",794,0.102015113350126,0.140138408304498
"183",15,30,"EDOMEX",0,74,2,"Chiconcuac",163,0.0122699386503067,0.027027027027027
"184",15,31,"EDOMEX",96,2076,357,"Chimalhuacán",3084,0.115758754863813,0.171965317919075
"185",15,33,"EDOMEX",202,7848,1275,"Ecatepec de Morelos",9599,0.132826336076675,0.162461773700306
"186",15,35,"EDOMEX",5,367,44,"Huehuetoca",503,0.0874751491053678,0.119891008174387
"187",15,36,"EDOMEX",0,128,19,"Hueypoxtla",218,0.0871559633027523,0.1484375
"188",15,37,"EDOMEX",29,1186,85,"Huixquilucan",1190,0.0714285714285714,0.0716694772344014
"189",15,39,"EDOMEX",95,2022,329,"Ixtapaluca",1986,0.165659617321249,0.16271018793274
"190",15,40,"EDOMEX",0,92,5,"Ixtapan de la Sal",236,0.0211864406779661,0.0543478260869565
"191",15,42,"EDOMEX",12,356,98,"Ixtlahuaca",745,0.131543624161074,0.275280898876405
"192",15,43,"EDOMEX",3,92,16,"Xalatlaco",160,0.1,0.173913043478261
"193",15,44,"EDOMEX",1,71,17,"Jaltenco",134,0.126865671641791,0.23943661971831
"194",15,45,"EDOMEX",5,252,9,"Jilotepec",513,0.0175438596491228,0.0357142857142857
"195",15,46,"EDOMEX",2,62,5,"Jilotzingo",99,0.0505050505050505,0.0806451612903226
"196",15,47,"EDOMEX",6,94,18,"Jiquipilco",406,0.0443349753694581,0.191489361702128
"197",15,48,"EDOMEX",4,211,19,"Jocotitlán",354,0.0536723163841808,0.0900473933649289
"198",15,5,"EDOMEX",13,350,52,"Almoloya de Juárez",740,0.0702702702702703,0.148571428571429
"199",15,51,"EDOMEX",15,584,103,"Lerma",717,0.143654114365411,0.176369863013699
"200",15,53,"EDOMEX",6,257,28,"Melchor Ocampo",318,0.0880503144654088,0.108949416342412
"201",15,54,"EDOMEX",35,1269,183,"Metepec",1174,0.15587734241908,0.144208037825059
"202",15,55,"EDOMEX",4,93,16,"Mexicaltzingo",76,0.210526315789474,0.172043010752688
"203",15,57,"EDOMEX",99,4463,643,"Naucalpan de Juárez",5256,0.122336377473364,0.144073493166032
"204",15,58,"EDOMEX",193,5809,880,"Nezahualcóyotl",7549,0.116571731355146,0.151489068686521
"205",15,59,"EDOMEX",3,109,13,"Nextlalpan",186,0.0698924731182796,0.119266055045872
"206",15,6,"EDOMEX",3,64,11,"Almoloya del Río",81,0.135802469135802,0.171875
"207",15,60,"EDOMEX",23,1246,215,"Nicolás Romero",1982,0.108476286579213,0.172552166934189
"208",15,61,"EDOMEX",2,71,2,"Nopaltepec",46,0.0434782608695652,0.028169014084507
"209",15,62,"EDOMEX",10,261,40,"Ocoyoacac",359,0.11142061281337,0.153256704980843
"210",15,63,"EDOMEX",2,75,14,"Ocuilan",203,0.0689655172413793,0.186666666666667
"211",15,64,"EDOMEX",3,166,11,"El Oro",183,0.0601092896174863,0.0662650602409639
"212",15,65,"EDOMEX",4,163,27,"Otumba",213,0.126760563380282,0.165644171779141
"213",15,67,"EDOMEX",2,208,35,"Otzolotepec",347,0.100864553314121,0.168269230769231
"214",15,68,"EDOMEX",11,101,7,"Ozumba",144,0.0486111111111111,0.0693069306930693
"215",15,7,"EDOMEX",2,86,4,"Amanalco",142,0.028169014084507,0.0465116279069767
"216",15,70,"EDOMEX",35,865,171,"La Paz",1301,0.131437355880092,0.197687861271676
"217",15,72,"EDOMEX",3,64,12,"Rayón",71,0.169014084507042,0.1875
"218",15,73,"EDOMEX",3,117,21,"San Antonio la Isla",107,0.196261682242991,0.179487179487179
"219",15,74,"EDOMEX",6,245,31,"San Felipe del Progreso",596,0.0520134228187919,0.126530612244898
"220",15,75,"EDOMEX",2,113,5,"San Martín de las Pirámides",124,0.0403225806451613,0.0442477876106195
"221",15,76,"EDOMEX",9,341,70,"San Mateo Atenco",437,0.160183066361556,0.205278592375367
"222",15,81,"EDOMEX",37,1767,259,"Tecámac",1846,0.140303358613218,0.146576117713639
"223",15,82,"EDOMEX",10,322,23,"Tejupilco",438,0.0525114155251142,0.0714285714285714
"224",15,83,"EDOMEX",3,115,3,"Temamatla",74,0.0405405405405405,0.0260869565217391
"225",15,84,"EDOMEX",3,133,19,"Temascalapa",213,0.0892018779342723,0.142857142857143
"226",15,85,"EDOMEX",6,125,13,"Temascalcingo",408,0.0318627450980392,0.104
"227",15,87,"EDOMEX",12,219,26,"Temoaya",460,0.0565217391304348,0.118721461187215
"228",15,88,"EDOMEX",4,387,56,"Tenancingo",570,0.0982456140350877,0.144702842377261
"229",15,9,"EDOMEX",13,226,16,"Amecameca",348,0.0459770114942529,0.0707964601769911
"230",15,90,"EDOMEX",15,326,46,"Tenango del Valle",478,0.096234309623431,0.141104294478528
"231",15,91,"EDOMEX",10,242,43,"Teoloyucan",470,0.0914893617021277,0.177685950413223
"232",15,92,"EDOMEX",8,347,46,"Teotihuacán",369,0.124661246612466,0.132564841498559
"233",15,95,"EDOMEX",4,179,36,"Tepotzotlán",443,0.0812641083521445,0.201117318435754
"234",15,96,"EDOMEX",2,72,12,"Tequixquiac",194,0.0618556701030928,0.166666666666667
"235",15,97,"EDOMEX",1,56,1,"Texcaltitlán",96,0.0104166666666667,0.0178571428571429
"236",15,99,"EDOMEX",24,824,116,"Texcoco",1487,0.078009414929388,0.140776699029126
"237",16,102,"MICHOACÁN ",10,1400,125,"Uruapan",1893,0.0660327522451136,0.0892857142857143
"238",16,106,"MICHOACÁN ",0,69,6,"Yurécuaro",201,0.0298507462686567,0.0869565217391304
"239",16,107,"MICHOACÁN ",7,138,20,"Zacapu",571,0.0350262697022767,0.144927536231884
"240",16,108,"MICHOACÁN ",2,522,56,"Zamora",1404,0.0398860398860399,0.10727969348659
"241",16,110,"MICHOACÁN ",2,86,6,"Zinapécuaro",386,0.0155440414507772,0.0697674418604651
"242",16,112,"MICHOACÁN ",8,384,45,"Zitácuaro",901,0.0499445061043285,0.1171875
"243",16,113,"MICHOACÁN ",4,57,7,"José Sixto Verduzco",219,0.0319634703196347,0.12280701754386
"244",16,22,"MICHOACÁN ",0,78,2,"Charo",121,0.0165289256198347,0.0256410256410256
"245",16,25,"MICHOACÁN ",1,74,4,"Chilchota",206,0.0194174757281553,0.0540540540540541
"246",16,34,"MICHOACÁN ",1,219,9,"Hidalgo",637,0.0141287284144427,0.0410958904109589
"247",16,35,"MICHOACÁN ",1,64,12,"La Huacana",177,0.0677966101694915,0.1875
"248",16,38,"MICHOACÁN ",8,530,34,"Huetamo",235,0.14468085106383,0.0641509433962264
"249",16,43,"MICHOACÁN ",0,124,9,"Jacona",457,0.0196936542669584,0.0725806451612903
"250",16,50,"MICHOACÁN ",4,232,6,"Maravatío",462,0.012987012987013,0.0258620689655172
"251",16,52,"MICHOACÁN ",23,3202,177,"Lázaro Cárdenas",855,0.207017543859649,0.0552779512804497
"252",16,53,"MICHOACÁN ",29,2362,166,"Morelia",3949,0.0420359584704989,0.0702794242167655
"253",16,55,"MICHOACÁN ",9,364,54,"Múgica",278,0.194244604316547,0.148351648351648
"254",16,6,"MICHOACÁN ",3,574,48,"Apatzingán",825,0.0581818181818182,0.0836236933797909
"255",16,65,"MICHOACÁN ",6,154,23,"Paracho",148,0.155405405405405,0.149350649350649
"256",16,66,"MICHOACÁN ",5,432,30,"Pátzcuaro",535,0.0560747663551402,0.0694444444444444
"257",16,69,"MICHOACÁN ",2,397,23,"La Piedad",650,0.0353846153846154,0.0579345088161209
"258",16,71,"MICHOACÁN ",0,56,7,"Puruándiro",464,0.0150862068965517,0.125
"259",16,75,"MICHOACÁN ",0,113,10,"Los Reyes",433,0.023094688221709,0.0884955752212389
"260",16,76,"MICHOACÁN ",6,56,3,"Sahuayo",448,0.00669642857142857,0.0535714285714286
"261",16,77,"MICHOACÁN ",1,73,4,"San Lucas",97,0.0412371134020619,0.0547945205479452
"262",16,82,"MICHOACÁN ",2,88,12,"Tacámbaro",442,0.0271493212669683,0.136363636363636
"263",16,85,"MICHOACÁN ",1,77,4,"Tangancícuaro",275,0.0145454545454545,0.051948051948052
"264",16,88,"MICHOACÁN ",5,155,12,"Tarímbaro",343,0.0349854227405248,0.0774193548387097
"265",16,89,"MICHOACÁN ",0,65,0,"Tepalcatepec",149,0,0
"266",16,9,"MICHOACÁN ",1,122,2,"Ario",212,0.00943396226415094,0.0163934426229508
"267",16,93,"MICHOACÁN ",1,83,3,"Tlalpujahua",209,0.0143540669856459,0.036144578313253
"268",17,11,"MORELOS",7,470,79,"Jiutepec",1125,0.0702222222222222,0.168085106382979
"269",17,12,"MORELOS",4,193,45,"Jojutla",429,0.104895104895105,0.233160621761658
"270",17,17,"MORELOS",2,175,59,"Puente de Ixtla",381,0.154855643044619,0.337142857142857
"271",17,18,"MORELOS",5,184,51,"Temixco",755,0.0675496688741722,0.277173913043478
"272",17,19,"MORELOS",4,66,22,"Tepalcingo",171,0.128654970760234,0.333333333333333
"273",17,20,"MORELOS",2,64,10,"Tepoztlán",245,0.0408163265306122,0.15625
"274",17,24,"MORELOS",0,115,26,"Tlaltizapán de Zapata",350,0.0742857142857143,0.226086956521739
"275",17,25,"MORELOS",0,72,20,"Tlaquiltenango",213,0.0938967136150235,0.277777777777778
"276",17,26,"MORELOS",0,78,19,"Tlayacapan",126,0.150793650793651,0.243589743589744
"277",17,28,"MORELOS",6,143,36,"Xochitepec",402,0.0895522388059701,0.251748251748252
"278",17,29,"MORELOS",1,174,32,"Yautepec",653,0.0490045941807044,0.183908045977011
"279",17,3,"MORELOS",1,116,35,"Axochiapan",211,0.165876777251185,0.301724137931034
"280",17,30,"MORELOS",1,108,15,"Yecapixtla",258,0.0581395348837209,0.138888888888889
"281",17,31,"MORELOS",4,180,40,"Zacatepec",296,0.135135135135135,0.222222222222222
"282",17,4,"MORELOS",1,246,32,"Ayala",521,0.0614203454894434,0.130081300813008
"283",17,6,"MORELOS",12,829,132,"Cuautla",1208,0.109271523178808,0.159227985524729
"284",17,7,"MORELOS",30,1235,218,"Cuernavaca",2860,0.0762237762237762,0.176518218623482
"285",17,8,"MORELOS",2,158,25,"Emiliano Zapata",490,0.0510204081632653,0.158227848101266
"286",18,1,"NAYARIT",2,125,25,"Acaponeta",241,0.103734439834025,0.2
"287",18,10,"NAYARIT",3,100,17,"Rosamorada",240,0.0708333333333333,0.17
"288",18,12,"NAYARIT",1,90,22,"San Blas",244,0.0901639344262295,0.244444444444444
"289",18,15,"NAYARIT",3,355,44,"Santiago Ixcuintla",648,0.0679012345679012,0.123943661971831
"290",18,16,"NAYARIT",3,139,48,"Tecuala",294,0.163265306122449,0.345323741007194
"291",18,17,"NAYARIT",12,2471,179,"Tepic",2181,0.0820724438331041,0.0724403075677863
"292",18,18,"NAYARIT",4,141,28,"Tuxpan",180,0.155555555555556,0.198581560283688
"293",18,20,"NAYARIT",108,530,63,"Bahía de Banderas",569,0.110720562390158,0.118867924528302
"294",18,4,"NAYARIT",8,165,26,"Compostela",432,0.0601851851851852,0.157575757575758
"295",18,6,"NAYARIT",2,77,8,"Ixtlán del Río",180,0.0444444444444444,0.103896103896104
"296",18,7,"NAYARIT",3,97,29,"Jala",109,0.26605504587156,0.298969072164948
"297",18,8,"NAYARIT",2,218,18,"Xalisco",276,0.0652173913043478,0.0825688073394495
"298",19,10,"NUEVO LEÓN",7,149,12,"El Carmen",128,0.09375,0.0805369127516778
"299",19,12,"NUEVO LEÓN",3,140,15,"Ciénega de Flores",188,0.0797872340425532,0.107142857142857
"300",19,14,"NUEVO LEÓN",3,146,1,"Doctor Arroyo",214,0.00467289719626168,0.00684931506849315
"301",19,17,"NUEVO LEÓN",1,145,3,"Galeana",266,0.0112781954887218,0.0206896551724138
"302",19,18,"NUEVO LEÓN",18,1021,42,"García",717,0.0585774058577406,0.0411361410381978
"303",19,19,"NUEVO LEÓN",24,424,21,"San Pedro Garza García",725,0.0289655172413793,0.0495283018867925
"304",19,20,"NUEVO LEÓN",0,66,0,"General Bravo",39,0,0
"305",19,21,"NUEVO LEÓN",44,1714,132,"General Escobedo",1504,0.0877659574468085,0.0770128354725788
"306",19,25,"NUEVO LEÓN",6,168,15,"General Zuazua",130,0.115384615384615,0.0892857142857143
"307",19,26,"NUEVO LEÓN",124,3750,307,"Guadalupe",3989,0.0769616445224367,0.0818666666666667
"308",19,31,"NUEVO LEÓN",27,1106,75,"Juárez",1033,0.0726040658276863,0.0678119349005425
"309",19,33,"NUEVO LEÓN",3,413,14,"Linares",487,0.0287474332648871,0.0338983050847458
"310",19,38,"NUEVO LEÓN",1,293,9,"Montemorelos",447,0.0201342281879195,0.0307167235494881
"311",19,39,"NUEVO LEÓN",242,8259,665,"Monterrey",8338,0.0797553370112737,0.0805182225451023
"312",19,4,"NUEVO LEÓN",0,334,9,"Allende",236,0.038135593220339,0.0269461077844311
"313",19,41,"NUEVO LEÓN",11,268,27,"Pesquería",250,0.108,0.100746268656716
"314",19,44,"NUEVO LEÓN",3,294,9,"Sabinas Hidalgo",245,0.036734693877551,0.0306122448979592
"315",19,45,"NUEVO LEÓN",5,249,10,"Salinas Victoria",238,0.0420168067226891,0.0401606425702811
"316",19,46,"NUEVO LEÓN",85,2323,234,"San Nicolás de los Garza",2961,0.0790273556231003,0.100731812311666
"317",19,48,"NUEVO LEÓN",25,1776,101,"Santa Catarina",1395,0.0724014336917563,0.0568693693693694
"318",19,49,"NUEVO LEÓN",4,163,9,"Santiago",291,0.0309278350515464,0.0552147239263804
"319",19,5,"NUEVO LEÓN",0,58,3,"Anáhuac",118,0.0254237288135593,0.0517241379310345
"320",19,6,"NUEVO LEÓN",80,2786,227,"Apodaca",2011,0.112879164594729,0.0814788226848528
"321",19,9,"NUEVO LEÓN",20,270,35,"Cadereyta Jiménez",623,0.0561797752808989,0.12962962962963
"322",2,1,"BAJA CALIFORNIA",23,2424,287,"Ensenada",3125,0.09184,0.118399339933993
"323",2,2,"BAJA CALIFORNIA",54,8169,1431,"Mexicali",5923,0.241600540266757,0.175174439955931
"324",2,3,"BAJA CALIFORNIA",3,398,82,"Tecate",579,0.141623488773748,0.206030150753769
"325",2,4,"BAJA CALIFORNIA",76,4856,1240,"Tijuana",10235,0.121152906692721,0.255354200988468
"326",2,5,"BAJA CALIFORNIA",4,235,31,"Playas de Rosarito",600,0.0516666666666667,0.131914893617021
"327",20,10,"OAXACA",9,55,4,"El Barrio de la Soledad",104,0.0384615384615385,0.0727272727272727
"328",20,107,"OAXACA",7,250,30,"San Antonio de la Cal",100,0.3,0.12
"329",20,115,"OAXACA",0,99,6,"San Bartolo Coyotepec",41,0.146341463414634,0.0606060606060606
"330",20,14,"OAXACA",8,59,13,"Ciudad Ixtepec",188,0.0691489361702128,0.220338983050847
"331",20,150,"OAXACA",1,52,8,"San Francisco Telixtlahuaca",66,0.121212121212121,0.153846153846154
"332",20,157,"OAXACA",2,190,10,"San Jacinto Amilpas",49,0.204081632653061,0.0526315789473684
"333",20,184,"OAXACA",27,1238,183,"San Juan Bautista Tuxtepec",1046,0.174952198852772,0.147819063004847
"334",20,2,"OAXACA",0,54,7,"Acatlán de Pérez Figueroa",304,0.0230263157894737,0.12962962962963
"335",20,227,"OAXACA",0,104,6,"San Lorenzo Cacaotepec",67,0.0895522388059701,0.0576923076923077
"336",20,23,"OAXACA",1,105,6,"Cuilápam de Guerrero",122,0.0491803278688525,0.0571428571428571
"337",20,28,"OAXACA",0,98,3,"Heroica Ciudad de Ejutla de Crespo",198,0.0151515151515152,0.0306122448979592
"338",20,293,"OAXACA",0,118,5,"San Pablo Etla",38,0.131578947368421,0.0423728813559322
"339",20,310,"OAXACA",0,56,6,"San Pedro Ixtlahuaca",43,0.13953488372093,0.107142857142857
"340",20,318,"OAXACA",2,117,12,"San Pedro Mixtepec -Dto. 22 -",234,0.0512820512820513,0.102564102564103
"341",20,324,"OAXACA",0,63,9,"San Pedro Pochutla",292,0.0308219178082192,0.142857142857143
"342",20,338,"OAXACA",0,72,7,"Villa de Etla",150,0.0466666666666667,0.0972222222222222
"343",20,350,"OAXACA",0,202,9,"San Sebastián Tutla",52,0.173076923076923,0.0445544554455446
"344",20,375,"OAXACA",1,93,5,"Santa Cruz Amilpas",38,0.131578947368421,0.0537634408602151
"345",20,385,"OAXACA",6,858,69,"Santa Cruz Xoxocotlán",365,0.189041095890411,0.0804195804195804
"346",20,39,"OAXACA",16,416,28,"Heroica Ciudad de Huajuapan de León",477,0.0587002096436059,0.0673076923076923
"347",20,390,"OAXACA",3,526,24,"Santa Lucía del Camino",208,0.115384615384615,0.0456273764258555
"348",20,399,"OAXACA",7,304,19,"Santa María Atzompa",132,0.143939393939394,0.0625
"349",20,409,"OAXACA",1,100,8,"Santa María del Tule",44,0.181818181818182,0.08
"350",20,413,"OAXACA",4,96,7,"Santa María Huatulco",188,0.0372340425531915,0.0729166666666667
"351",20,43,"OAXACA",44,240,52,"Heroica Ciudad de Juchitán de Zaragoza",629,0.082670906200318,0.216666666666667
"352",20,44,"OAXACA",2,69,7,"Loma Bonita",295,0.023728813559322,0.101449275362319
"353",20,45,"OAXACA",1,66,3,"Magdalena Apasco",22,0.136363636363636,0.0454545454545455
"354",20,482,"OAXACA",0,101,11,"Santiago Pinotepa Nacional",279,0.039426523297491,0.108910891089109
"355",20,515,"OAXACA",27,200,31,"Santo Domingo Tehuantepec",431,0.0719257540603248,0.155
"356",20,551,"OAXACA",1,110,17,"Tlacolula de Matamoros",209,0.0813397129186603,0.154545454545455
"357",20,565,"OAXACA",8,296,16,"Villa de Zaachila",165,0.096969696969697,0.0540540540540541
"358",20,57,"OAXACA",2,88,9,"Matías Romero Avendaño",289,0.0311418685121107,0.102272727272727
"359",20,570,"OAXACA",1,82,9,"Zimatlán de Álvarez",221,0.0407239819004525,0.109756097560976
"360",20,59,"OAXACA",2,158,12,"Miahuatlán de Porfirio Díaz",311,0.0385852090032154,0.0759493670886076
"361",20,6,"OAXACA",1,60,6,"Asunción Nochixtlán",152,0.0394736842105263,0.1
"362",20,67,"OAXACA",30,3440,224,"Oaxaca de Juárez",1795,0.124791086350975,0.0651162790697674
"363",20,68,"OAXACA",3,141,8,"Ocotlán de Morelos",188,0.0425531914893617,0.0567375886524823
"364",20,72,"OAXACA",0,65,2,"San José del Progreso",36,0.0555555555555556,0.0307692307692308
"365",20,79,"OAXACA",106,430,85,"Salina Cruz",549,0.154826958105647,0.197674418604651
"366",20,83,"OAXACA",0,62,5,"San Agustín de las Juntas",28,0.178571428571429,0.0806451612903226
"367",20,91,"OAXACA",3,59,4,"San Andrés Huayápam",28,0.142857142857143,0.0677966101694915
"368",21,1,"PUEBLA",3,90,19,"Acajete",359,0.052924791086351,0.211111111111111
"369",21,106,"PUEBLA",8,90,20,"Ocoyucan",172,0.116279069767442,0.222222222222222
"370",21,110,"PUEBLA",0,58,6,"Palmar de Bravo",259,0.0231660231660232,0.103448275862069
"371",21,114,"PUEBLA",403,16310,1763,"Puebla",10038,0.175632596134688,0.108093194359289
"372",21,119,"PUEBLA",18,707,82,"San Andrés Cholula",546,0.15018315018315,0.115983026874116
"373",21,132,"PUEBLA",23,576,96,"San Martín Texmelucan",846,0.113475177304965,0.166666666666667
"374",21,140,"PUEBLA",9,520,57,"San Pedro Cholula",771,0.0739299610894942,0.109615384615385
"375",21,142,"PUEBLA",1,86,9,"San Salvador el Seco",174,0.0517241379310345,0.104651162790698
"376",21,143,"PUEBLA",4,72,16,"San Salvador el Verde",192,0.0833333333333333,0.222222222222222
"377",21,144,"PUEBLA",2,51,8,"San Salvador Huixcolotla",90,0.0888888888888889,0.156862745098039
"378",21,15,"PUEBLA",7,215,39,"Amozoc",384,0.1015625,0.181395348837209
"379",21,153,"PUEBLA",2,68,9,"Tecali de Herrera",142,0.0633802816901408,0.132352941176471
"380",21,154,"PUEBLA",11,243,47,"Tecamachalco",388,0.121134020618557,0.193415637860082
"381",21,156,"PUEBLA",15,1249,273,"Tehuacán",1557,0.175337186897881,0.21857485988791
"382",21,164,"PUEBLA",17,225,31,"Tepeaca",446,0.0695067264573991,0.137777777777778
"383",21,169,"PUEBLA",1,51,4,"Tepexi de Rodríguez",136,0.0294117647058824,0.0784313725490196
"384",21,174,"PUEBLA",6,445,45,"Teziutlán",618,0.0728155339805825,0.101123595505618
"385",21,179,"PUEBLA",4,71,18,"Tlachichuca",155,0.116129032258065,0.253521126760563
"386",21,186,"PUEBLA",4,52,10,"Tlatlauquitepec",329,0.0303951367781155,0.192307692307692
"387",21,19,"PUEBLA",14,358,59,"Atlixco",991,0.0595358224016145,0.164804469273743
"388",21,197,"PUEBLA",4,113,13,"Xicotepec",489,0.0265848670756646,0.115044247787611
"389",21,207,"PUEBLA",2,89,14,"Zacapoaxtla",370,0.0378378378378378,0.157303370786517
"390",21,208,"PUEBLA",3,145,16,"Zacatlán",442,0.0361990950226244,0.110344827586207
"391",21,3,"PUEBLA",3,78,12,"Acatlán",261,0.0459770114942529,0.153846153846154
"392",21,34,"PUEBLA",3,74,14,"Coronango",247,0.0566801619433198,0.189189189189189
"393",21,4,"PUEBLA",5,71,9,"Acatzingo",271,0.033210332103321,0.126760563380282
"394",21,41,"PUEBLA",5,345,32,"Cuautlancingo",393,0.0814249363867685,0.0927536231884058
"395",21,45,"PUEBLA",4,142,13,"Chalchicomula de Sesma",288,0.0451388888888889,0.0915492957746479
"396",21,51,"PUEBLA",2,78,15,"Chietla",310,0.0483870967741935,0.192307692307692
"397",21,53,"PUEBLA",3,159,16,"Chignahuapan",311,0.0514469453376206,0.10062893081761
"398",21,71,"PUEBLA",7,292,39,"Huauchinango",637,0.0612244897959184,0.133561643835616
"399",21,74,"PUEBLA",13,434,49,"Huejotzingo",396,0.123737373737374,0.112903225806452
"400",21,85,"PUEBLA",4,167,24,"Izúcar de Matamoros",592,0.0405405405405405,0.143712574850299
"401",21,94,"PUEBLA",4,56,8,"Libres",173,0.046242774566474,0.142857142857143
"402",22,11,"QUERÉTARO",7,306,48,"El Marqués",683,0.0702781844802343,0.156862745098039
"403",22,12,"QUERÉTARO",3,158,20,"Pedro Escobedo",339,0.0589970501474926,0.126582278481013
"404",22,14,"QUERÉTARO",50,3917,406,"Querétaro",4736,0.0857263513513514,0.103650753127393
"405",22,16,"QUERÉTARO",3,466,63,"San Juan del Río",1339,0.0470500373412995,0.13519313304721
"406",22,17,"QUERÉTARO",4,72,13,"Tequisquiapan",390,0.0333333333333333,0.180555555555556
"407",22,4,"QUERÉTARO",0,75,12,"Cadereyta de Montes",363,0.0330578512396694,0.16
"408",22,5,"QUERÉTARO",2,54,11,"Colón",312,0.0352564102564103,0.203703703703704
"409",22,6,"QUERÉTARO",5,366,28,"Corregidora",755,0.0370860927152318,0.0765027322404372
"410",22,7,"QUERÉTARO",1,62,9,"Ezequiel Montes",214,0.0420560747663551,0.145161290322581
"411",22,9,"QUERÉTARO",2,79,1,"Jalpan de Serra",139,0.00719424460431655,0.0126582278481013
"412",23,1,"QUINTANA ROO",14,304,50,"Cozumel",367,0.136239782016349,0.164473684210526
"413",23,10,"QUINTANA ROO",1,187,7,"Bacalar",195,0.0358974358974359,0.0374331550802139
"414",23,2,"QUINTANA ROO",6,276,36,"Felipe Carrillo Puerto",374,0.0962566844919786,0.130434782608696
"415",23,3,"QUINTANA ROO",2,136,9,"Isla Mujeres",97,0.0927835051546392,0.0661764705882353
"416",23,4,"QUINTANA ROO",51,2541,134,"Othón P. Blanco",1234,0.108589951377634,0.0527351436442346
"417",23,5,"QUINTANA ROO",220,4593,915,"Benito Juárez",3371,0.271432809255414,0.199216198563031
"418",23,6,"QUINTANA ROO",1,95,18,"José María Morelos",174,0.103448275862069,0.189473684210526
"419",23,7,"QUINTANA ROO",4,210,10,"Lázaro Cárdenas",144,0.0694444444444444,0.0476190476190476
"420",23,8,"QUINTANA ROO",54,1247,133,"Solidaridad",846,0.157210401891253,0.106655974338412
"421",23,9,"QUINTANA ROO",5,201,11,"Tulum",157,0.0700636942675159,0.054726368159204
"422",24,1,"SAN LUIS POTOSÍ",2,57,4,"Ahualulco",115,0.0347826086956522,0.0701754385964912
"423",24,11,"SAN LUIS POTOSÍ",5,161,10,"Ciudad Fernández",309,0.0323624595469256,0.062111801242236
"424",24,12,"SAN LUIS POTOSÍ",1,134,7,"Tancanhuitz",140,0.05,0.0522388059701493
"425",24,13,"SAN LUIS POTOSÍ",22,2695,136,"Ciudad Valles",1113,0.122192273135669,0.0504638218923933
"426",24,14,"SAN LUIS POTOSÍ",0,54,2,"Coxcatlán",140,0.0142857142857143,0.037037037037037
"427",24,15,"SAN LUIS POTOSÍ",0,59,6,"Charcas",144,0.0416666666666667,0.101694915254237
"428",24,16,"SAN LUIS POTOSÍ",0,78,3,"Ebano",283,0.0106007067137809,0.0384615384615385
"429",24,18,"SAN LUIS POTOSÍ",0,53,1,"Huehuetlán",116,0.00862068965517241,0.0188679245283019
"430",24,20,"SAN LUIS POTOSÍ",8,945,39,"Matehuala",511,0.076320939334638,0.0412698412698413
"431",24,21,"SAN LUIS POTOSÍ",2,147,14,"Mexquitic de Carmona",311,0.045016077170418,0.0952380952380952
"432",24,24,"SAN LUIS POTOSÍ",13,394,27,"Rioverde",761,0.0354796320630749,0.0685279187817259
"433",24,25,"SAN LUIS POTOSÍ",5,72,12,"Salinas",174,0.0689655172413793,0.166666666666667
"434",24,28,"SAN LUIS POTOSÍ",113,7061,404,"San Luis Potosí",4743,0.0851781572844191,0.0572156918283529
"435",24,3,"SAN LUIS POTOSÍ",0,91,6,"Aquismón",313,0.0191693290734824,0.0659340659340659
"436",24,32,"SAN LUIS POTOSÍ",5,135,12,"Santa María del Río",277,0.0433212996389892,0.0888888888888889
"437",24,34,"SAN LUIS POTOSÍ",0,58,4,"San Vicente Tancuayalab",99,0.0404040404040404,0.0689655172413793
"438",24,35,"SAN LUIS POTOSÍ",25,1202,94,"Soledad de Graciano Sánchez",1296,0.0725308641975309,0.0782029950083195
"439",24,37,"SAN LUIS POTOSÍ",6,1037,64,"Tamazunchale",588,0.108843537414966,0.0617164898746384
"440",24,40,"SAN LUIS POTOSÍ",2,181,15,"Tamuín",249,0.0602409638554217,0.0828729281767956
"441",24,41,"SAN LUIS POTOSÍ",0,82,2,"Tanlajás",114,0.0175438596491228,0.024390243902439
"442",24,42,"SAN LUIS POTOSÍ",0,123,5,"Tanquián de Escobedo",91,0.0549450549450549,0.040650406504065
"443",24,50,"SAN LUIS POTOSÍ",5,83,14,"Villa de Reyes",277,0.0505415162454874,0.168674698795181
"444",24,53,"SAN LUIS POTOSÍ",1,213,8,"Axtla de Terrazas",236,0.0338983050847458,0.0375586854460094
"445",24,54,"SAN LUIS POTOSÍ",0,236,6,"Xilitla",315,0.019047619047619,0.0254237288135593
"446",24,56,"SAN LUIS POTOSÍ",1,66,4,"Villa de Arista",76,0.0526315789473684,0.0606060606060606
"447",24,57,"SAN LUIS POTOSÍ",3,168,14,"Matlapa",200,0.07,0.0833333333333333
"448",25,1,"SINALOA",162,2238,571,"Ahome",2378,0.240117746005046,0.255138516532618
"449",25,10,"SINALOA",23,231,63,"El Fuerte",609,0.103448275862069,0.272727272727273
"450",25,11,"SINALOA",63,2292,357,"Guasave",1702,0.209753231492362,0.155759162303665
"451",25,12,"SINALOA",151,2662,373,"Mazatlán",2599,0.143516737206618,0.140120210368144
"452",25,13,"SINALOA",14,87,24,"Mocorito",314,0.0764331210191083,0.275862068965517
"453",25,14,"SINALOA",7,106,11,"Rosario",292,0.0376712328767123,0.10377358490566
"454",25,15,"SINALOA",25,676,116,"Salvador Alvarado",431,0.269141531322506,0.171597633136095
"455",25,17,"SINALOA",15,230,30,"Sinaloa",497,0.0603621730382294,0.130434782608696
"456",25,18,"SINALOA",30,482,101,"Navolato",772,0.130829015544041,0.20954356846473
"457",25,2,"SINALOA",15,200,50,"Angostura",314,0.159235668789809,0.25
"458",25,3,"SINALOA",3,65,10,"Badiraguato",154,0.0649350649350649,0.153846153846154
"459",25,5,"SINALOA",3,58,2,"Cosalá",83,0.0240963855421687,0.0344827586206897
"460",25,6,"SINALOA",331,5677,901,"Culiacán",4765,0.189087093389297,0.158710586577418
"461",25,9,"SINALOA",7,248,31,"Escuinapa",318,0.0974842767295598,0.125
"462",26,12,"SONORA",0,76,17,"Bácum",167,0.101796407185629,0.223684210526316
"463",26,17,"SONORA",12,876,51,"Caborca",561,0.0909090909090909,0.0582191780821918
"464",26,18,"SONORA",44,3210,533,"Cajeme",2867,0.185908615277293,0.166043613707165
"465",26,19,"SONORA",13,224,19,"Cananea",264,0.071969696969697,0.0848214285714286
"466",26,2,"SONORA",1,552,69,"Agua Prieta",449,0.153674832962138,0.125
"467",26,25,"SONORA",1,208,53,"Empalme",425,0.124705882352941,0.254807692307692
"468",26,26,"SONORA",1,118,33,"Etchojoa",500,0.066,0.279661016949153
"469",26,29,"SONORA",10,884,179,"Guaymas",1106,0.161844484629295,0.202488687782805
"470",26,30,"SONORA",132,9003,797,"Hermosillo",4834,0.164873810508895,0.0885260468732645
"471",26,33,"SONORA",6,258,53,"Huatabampo",570,0.0929824561403509,0.205426356589147
"472",26,36,"SONORA",3,164,24,"Magdalena",210,0.114285714285714,0.146341463414634
"473",26,41,"SONORA",0,62,4,"Nacozari de García",63,0.0634920634920635,0.0645161290322581
"474",26,42,"SONORA",17,791,107,"Navojoa",1069,0.100093545369504,0.13527180783818
"475",26,43,"SONORA",24,1978,242,"Nogales",1114,0.217235188509874,0.122345803842265
"476",26,47,"SONORA",0,66,2,"Pitiquito",56,0.0357142857142857,0.0303030303030303
"477",26,48,"SONORA",1,126,18,"Puerto Peñasco",312,0.0576923076923077,0.142857142857143
"478",26,55,"SONORA",14,1482,198,"San Luis Río Colorado",1182,0.16751269035533,0.133603238866397
"479",26,58,"SONORA",0,99,9,"Santa Ana",110,0.0818181818181818,0.0909090909090909
"480",26,70,"SONORA",0,75,8,"General Plutarco Elías Calles",83,0.0963855421686747,0.106666666666667
"481",27,1,"TABASCO",1,608,37,"Balancán",352,0.105113636363636,0.0608552631578947
"482",27,10,"TABASCO",9,1127,83,"Jalpa de Méndez",473,0.175475687103594,0.0736468500443656
"483",27,11,"TABASCO",0,334,13,"Jonuta",175,0.0742857142857143,0.0389221556886228
"484",27,12,"TABASCO",30,1636,143,"Macuspana",1016,0.140748031496063,0.0874083129584352
"485",27,13,"TABASCO",21,2146,167,"Nacajuca",597,0.279731993299833,0.0778191985088537
"486",27,14,"TABASCO",22,723,90,"Paraíso",505,0.178217821782178,0.12448132780083
"487",27,15,"TABASCO",0,454,28,"Tacotalpa",280,0.1,0.0616740088105727
"488",27,16,"TABASCO",5,597,100,"Teapa",400,0.25,0.16750418760469
"489",27,17,"TABASCO",2,929,54,"Tenosique",348,0.155172413793103,0.0581270182992465
"490",27,2,"TABASCO",20,1513,183,"Cárdenas",1335,0.137078651685393,0.120951751487112
"491",27,3,"TABASCO",13,607,64,"Centla",648,0.0987654320987654,0.105436573311367
"492",27,4,"TABASCO",159,12671,1041,"Centro",3883,0.268091681689415,0.082156104490569
"493",27,5,"TABASCO",37,1059,166,"Comalcalco",1143,0.145231846019248,0.156751652502361
"494",27,6,"TABASCO",9,1149,66,"Cunduacán",765,0.0862745098039216,0.0574412532637076
"495",27,7,"TABASCO",2,421,43,"Emiliano Zapata",204,0.21078431372549,0.102137767220903
"496",27,8,"TABASCO",9,733,113,"Huimanguillo",1163,0.0971625107480654,0.154160982264666
"497",27,9,"TABASCO",3,489,43,"Jalapa",246,0.17479674796748,0.0879345603271984
"498",28,21,"TAMAULIPAS",2,703,51,"El Mante",878,0.0580865603644647,0.0725462304409673
"499",28,22,"TAMAULIPAS",12,4159,283,"Matamoros",2432,0.116365131578947,0.0680452031738399
"500",28,25,"TAMAULIPAS",1,195,6,"Miguel Alemán",164,0.0365853658536585,0.0307692307692308
"501",28,27,"TAMAULIPAS",11,2022,246,"Nuevo Laredo",2102,0.117031398667935,0.121661721068249
"502",28,3,"TAMAULIPAS",14,1588,75,"Altamira",952,0.078781512605042,0.0472292191435768
"503",28,32,"TAMAULIPAS",90,4713,523,"Reynosa",3562,0.146827624929815,0.110969658391683
"504",28,33,"TAMAULIPAS",12,649,59,"Río Bravo",778,0.0758354755784062,0.0909090909090909
"505",28,35,"TAMAULIPAS",2,239,14,"San Fernando",349,0.0401146131805158,0.0585774058577406
"506",28,37,"TAMAULIPAS",2,89,1,"Soto la Marina",114,0.0087719298245614,0.0112359550561798
"507",28,38,"TAMAULIPAS",28,3494,187,"Tampico",1915,0.0976501305483029,0.0535203205495135
"508",28,40,"TAMAULIPAS",2,358,15,"Valle Hermoso",367,0.0408719346049046,0.0418994413407821
"509",28,41,"TAMAULIPAS",25,2087,91,"Victoria",2090,0.0435406698564593,0.0436032582654528
"510",28,43,"TAMAULIPAS",0,80,5,"Xicoténcatl",186,0.0268817204301075,0.0625
"511",28,7,"TAMAULIPAS",0,51,2,"Camargo",119,0.0168067226890756,0.0392156862745098
"512",28,9,"TAMAULIPAS",13,2102,81,"Ciudad Madero",1219,0.066447908121411,0.038534728829686
"513",29,1,"TLAXCALA",6,79,11,"Amaxac de Guerrero",57,0.192982456140351,0.139240506329114
"514",29,10,"TLAXCALA",31,439,80,"Chiautempan",360,0.222222222222222,0.182232346241458
"515",29,13,"TLAXCALA",45,367,44,"Huamantla",451,0.0975609756097561,0.119891008174387
"516",29,15,"TLAXCALA",11,118,23,"Ixtacuixtla de Mariano Matamoros",199,0.115577889447236,0.194915254237288
"517",29,18,"TLAXCALA",16,239,44,"Contla de Juan Cuamatzi",208,0.211538461538462,0.184100418410042
"518",29,19,"TLAXCALA",17,51,12,"Tepetitla de Lardizábal",114,0.105263157894737,0.235294117647059
"519",29,2,"TLAXCALA",9,117,17,"Apetatitlán de Antonio Carvajal",79,0.215189873417722,0.145299145299145
"520",29,23,"TLAXCALA",22,92,16,"Natívitas",162,0.0987654320987654,0.173913043478261
"521",29,24,"TLAXCALA",7,103,13,"Panotla",192,0.0677083333333333,0.12621359223301
"522",29,25,"TLAXCALA",16,193,47,"San Pablo del Monte",397,0.118387909319899,0.243523316062176
"523",29,26,"TLAXCALA",6,118,19,"Santa Cruz Tlaxcala",108,0.175925925925926,0.161016949152542
"524",29,27,"TLAXCALA",12,55,15,"Tenancingo",83,0.180722891566265,0.272727272727273
"525",29,28,"TLAXCALA",12,78,14,"Teolocholco",115,0.121739130434783,0.179487179487179
"526",29,29,"TLAXCALA",5,61,9,"Tepeyanco",71,0.126760563380282,0.147540983606557
"527",29,31,"TLAXCALA",8,115,12,"Tetla de la Solidaridad",160,0.075,0.104347826086957
"528",29,33,"TLAXCALA",50,1005,122,"Tlaxcala",496,0.245967741935484,0.121393034825871
"529",29,34,"TLAXCALA",7,148,15,"Tlaxco",196,0.076530612244898,0.101351351351351
"530",29,36,"TLAXCALA",8,137,22,"Totolac",131,0.16793893129771,0.160583941605839
"531",29,38,"TLAXCALA",5,80,6,"Tzompantepec",90,0.0666666666666667,0.075
"532",29,39,"TLAXCALA",8,87,18,"Xaloztoc",106,0.169811320754717,0.206896551724138
"533",29,41,"TLAXCALA",9,120,29,"Papalotla de Xicohténcatl",142,0.204225352112676,0.241666666666667
"534",29,42,"TLAXCALA",6,68,9,"Xicohtzinco",70,0.128571428571429,0.132352941176471
"535",29,43,"TLAXCALA",9,164,12,"Yauhquemehcan",170,0.0705882352941176,0.0731707317073171
"536",29,44,"TLAXCALA",17,274,44,"Zacatelco",250,0.176,0.160583941605839
"537",29,48,"TLAXCALA",5,64,15,"La Magdalena Tlaltelulco",87,0.172413793103448,0.234375
"538",29,5,"TLAXCALA",49,668,79,"Apizaco",489,0.161554192229039,0.118263473053892
"539",29,6,"TLAXCALA",7,157,38,"Calpulalpan",254,0.149606299212598,0.24203821656051
"540",3,1,"BAJA CALIFORNIA SUR",6,442,39,"Comondú",430,0.0906976744186047,0.0882352941176471
"541",3,2,"BAJA CALIFORNIA SUR",5,616,16,"Mulegé",303,0.0528052805280528,0.025974025974026
"542",3,3,"BAJA CALIFORNIA SUR",65,3535,143,"La Paz",1556,0.0919023136246787,0.0404526166902405
"543",3,8,"BAJA CALIFORNIA SUR",40,2176,111,"Los Cabos",1055,0.10521327014218,0.0510110294117647
"544",3,9,"BAJA CALIFORNIA SUR",2,253,5,"Loreto",97,0.0515463917525773,0.0197628458498024
"545",30,100,"VERACRUZ",2,61,15,"Manlio Fabio Altamirano",180,0.0833333333333333,0.245901639344262
"546",30,101,"VERACRUZ",1,185,15,"Mariano Escobedo",161,0.093167701863354,0.0810810810810811
"547",30,102,"VERACRUZ",7,411,57,"Martínez de la Torre",755,0.0754966887417219,0.138686131386861
"548",30,105,"VERACRUZ",6,276,36,"Medellín",379,0.0949868073878628,0.130434782608696
"549",30,108,"VERACRUZ",8,790,170,"Minatitlán",1148,0.14808362369338,0.215189873417722
"550",30,109,"VERACRUZ",5,73,11,"Misantla",473,0.0232558139534884,0.150684931506849
"551",30,11,"VERACRUZ",7,219,23,"Alvarado",421,0.0546318289786223,0.105022831050228
"552",30,115,"VERACRUZ",8,287,12,"Nogales",313,0.0383386581469649,0.0418118466898955
"553",30,118,"VERACRUZ",16,1466,54,"Orizaba",1054,0.0512333965844402,0.0368349249658936
"554",30,123,"VERACRUZ",3,358,16,"Pánuco",513,0.0311890838206628,0.0446927374301676
"555",30,124,"VERACRUZ",38,317,49,"Papantla",1188,0.0412457912457912,0.154574132492114
"556",30,126,"VERACRUZ",0,67,10,"Paso de Ovejas",284,0.0352112676056338,0.149253731343284
"557",30,128,"VERACRUZ",3,183,38,"Perote",387,0.0981912144702842,0.207650273224044
"558",30,131,"VERACRUZ",142,1298,174,"Poza Rica de Hidalgo",1526,0.114023591087811,0.134052388289676
"559",30,133,"VERACRUZ",0,81,8,"Pueblo Viejo",254,0.031496062992126,0.0987654320987654
"560",30,134,"VERACRUZ",0,97,12,"Puente Nacional",154,0.0779220779220779,0.123711340206186
"561",30,135,"VERACRUZ",2,74,2,"Rafael Delgado",111,0.018018018018018,0.027027027027027
"562",30,138,"VERACRUZ",6,399,15,"Río Blanco",359,0.0417827298050139,0.037593984962406
"563",30,14,"VERACRUZ",3,111,6,"Amatlán de los Reyes",277,0.0216606498194946,0.0540540540540541
"564",30,141,"VERACRUZ",19,334,91,"San Andrés Tuxtla",1043,0.087248322147651,0.272455089820359
"565",30,143,"VERACRUZ",7,75,21,"Santiago Tuxtla",380,0.0552631578947368,0.28
"566",30,148,"VERACRUZ",5,55,11,"Soledad de Doblado",217,0.0506912442396313,0.2
"567",30,15,"VERACRUZ",3,62,21,"Angel R. Cabada",296,0.0709459459459459,0.338709677419355
"568",30,155,"VERACRUZ",4,55,10,"Tantoyuca",627,0.0159489633173844,0.181818181818182
"569",30,16,"VERACRUZ",1,380,31,"La Antigua",243,0.127572016460905,0.0815789473684211
"570",30,160,"VERACRUZ",10,88,9,"Álamo Temapache",798,0.0112781954887218,0.102272727272727
"571",30,169,"VERACRUZ",1,80,7,"José Azueta",181,0.0386740331491713,0.0875
"572",30,174,"VERACRUZ",26,287,37,"Tierra Blanca",763,0.0484927916120577,0.128919860627178
"573",30,175,"VERACRUZ",35,151,31,"Tihuatlán",630,0.0492063492063492,0.205298013245033
"574",30,183,"VERACRUZ",4,68,13,"Tlapacoyan",415,0.0313253012048193,0.191176470588235
"575",30,189,"VERACRUZ",47,657,69,"Tuxpan",969,0.0712074303405573,0.105022831050228
"576",30,191,"VERACRUZ",0,158,12,"Ursulo Galván",250,0.048,0.0759493670886076
"577",30,193,"VERACRUZ",208,6256,822,"Veracruz",3907,0.210391604811876,0.131393861892583
"578",30,201,"VERACRUZ",1,72,1,"Zongolica",244,0.00409836065573771,0.0138888888888889
"579",30,204,"VERACRUZ",2,137,45,"Agua Dulce",335,0.134328358208955,0.328467153284672
"580",30,206,"VERACRUZ",3,163,46,"Nanchital de Lázaro Cárdenas del Río",137,0.335766423357664,0.282208588957055
"581",30,207,"VERACRUZ",4,183,19,"Tres Valles",322,0.0590062111801242,0.103825136612022
"582",30,208,"VERACRUZ",0,118,11,"Carlos A. Carrillo",213,0.0516431924882629,0.0932203389830508
"583",30,26,"VERACRUZ",0,56,9,"Banderilla",126,0.0714285714285714,0.160714285714286
"584",30,28,"VERACRUZ",24,690,85,"Boca del Río",1059,0.0802644003777148,0.123188405797101
"585",30,3,"VERACRUZ",6,146,25,"Acayucan",561,0.0445632798573975,0.171232876712329
"586",30,30,"VERACRUZ",5,185,4,"Camerino Z. Mendoza",230,0.0173913043478261,0.0216216216216216
"587",30,32,"VERACRUZ",3,57,15,"Catemaco",307,0.0488599348534202,0.263157894736842
"588",30,38,"VERACRUZ",2,178,40,"Coatepec",620,0.0645161290322581,0.224719101123595
"589",30,39,"VERACRUZ",22,1742,379,"Coatzacoalcos",2060,0.183980582524272,0.217566016073479
"590",30,4,"VERACRUZ",1,54,7,"Actopan",322,0.0217391304347826,0.12962962962963
"591",30,40,"VERACRUZ",20,177,21,"Coatzintla",403,0.0521091811414392,0.11864406779661
"592",30,44,"VERACRUZ",26,1628,156,"Córdoba",1485,0.105050505050505,0.0958230958230958
"593",30,45,"VERACRUZ",4,699,38,"Cosamaloapan de Carpio",490,0.0775510204081633,0.0543633762517883
"594",30,47,"VERACRUZ",0,51,4,"Coscomatepec",304,0.0131578947368421,0.0784313725490196
"595",30,48,"VERACRUZ",2,330,74,"Cosoleacaque",773,0.0957309184993532,0.224242424242424
"596",30,58,"VERACRUZ",3,58,7,"Chicontepec",435,0.0160919540229885,0.120689655172414
"597",30,61,"VERACRUZ",4,185,41,"Las Choapas",473,0.0866807610993657,0.221621621621622
"598",30,65,"VERACRUZ",1,130,15,"Emiliano Zapata",389,0.038560411311054,0.115384615384615
"599",30,68,"VERACRUZ",2,486,22,"Fortín",348,0.0632183908045977,0.0452674897119342
"600",30,77,"VERACRUZ",3,81,8,"Isla",267,0.0299625468164794,0.0987654320987654
"601",30,81,"VERACRUZ",0,102,3,"Ixhuatlancillo",118,0.0254237288135593,0.0294117647058824
"602",30,85,"VERACRUZ",5,338,13,"Ixtaczoquitlán",336,0.0386904761904762,0.0384615384615385
"603",30,87,"VERACRUZ",11,1662,226,"Xalapa",2944,0.0767663043478261,0.135980746089049
"604",30,89,"VERACRUZ",2,114,35,"Jáltipan",305,0.114754098360656,0.307017543859649
"605",30,97,"VERACRUZ",0,88,20,"Lerdo de Tejada",168,0.119047619047619,0.227272727272727
"606",31,101,"YUCATÁN",5,435,60,"Umán",292,0.205479452054795,0.137931034482759
"607",31,102,"YUCATÁN",11,1057,28,"Valladolid",416,0.0673076923076923,0.0264900662251656
"608",31,19,"YUCATÁN",2,74,5,"Chemax",199,0.0251256281407035,0.0675675675675676
"609",31,2,"YUCATÁN",0,72,29,"Acanceh",84,0.345238095238095,0.402777777777778
"610",31,38,"YUCATÁN",0,132,17,"Hunucmá",177,0.096045197740113,0.128787878787879
"611",31,40,"YUCATÁN",0,94,18,"Izamal",227,0.079295154185022,0.191489361702128
"612",31,41,"YUCATÁN",4,397,45,"Kanasín",408,0.110294117647059,0.113350125944584
"613",31,48,"YUCATÁN",1,80,21,"Maxcanú",153,0.137254901960784,0.2625
"614",31,50,"YUCATÁN",133,7665,645,"Mérida",5581,0.115570686256943,0.0841487279843444
"615",31,52,"YUCATÁN",1,135,34,"Motul",215,0.158139534883721,0.251851851851852
"616",31,53,"YUCATÁN",2,56,11,"Muna",92,0.119565217391304,0.196428571428571
"617",31,56,"YUCATÁN",0,72,10,"Oxkutzcab",200,0.05,0.138888888888889
"618",31,58,"YUCATÁN",1,114,1,"Peto",165,0.00606060606060606,0.0087719298245614
"619",31,59,"YUCATÁN",6,265,18,"Progreso",382,0.0471204188481675,0.0679245283018868
"620",31,6,"YUCATÁN",0,70,2,"Buctzotz",68,0.0294117647058824,0.0285714285714286
"621",31,75,"YUCATÁN",0,56,1,"Teabo",30,0.0333333333333333,0.0178571428571429
"622",31,76,"YUCATÁN",1,52,11,"Tecoh",116,0.0948275862068965,0.211538461538462
"623",31,79,"YUCATÁN",3,305,11,"Tekax",213,0.0516431924882629,0.0360655737704918
"624",31,85,"YUCATÁN",1,177,3,"Temozón",73,0.0410958904109589,0.0169491525423729
"625",31,89,"YUCATÁN",1,615,23,"Ticul",209,0.110047846889952,0.0373983739837398
"626",31,91,"YUCATÁN",1,61,3,"Tinum",68,0.0441176470588235,0.0491803278688525
"627",31,93,"YUCATÁN",0,52,12,"Tixkokob",141,0.0851063829787234,0.230769230769231
"628",31,96,"YUCATÁN",2,357,13,"Tizimín",461,0.0281995661605206,0.0364145658263305
"629",32,10,"ZACATECAS",10,984,90,"Fresnillo",1407,0.0639658848614073,0.0914634146341463
"630",32,17,"ZACATECAS",38,1047,59,"Guadalupe",770,0.0766233766233766,0.0563514804202483
"631",32,19,"ZACATECAS",0,64,2,"Jalpa",215,0.00930232558139535,0.03125
"632",32,20,"ZACATECAS",10,94,21,"Jerez",444,0.0472972972972973,0.223404255319149
"633",32,24,"ZACATECAS",0,89,12,"Loreto",266,0.0451127819548872,0.134831460674157
"634",32,32,"ZACATECAS",8,58,6,"Morelos",71,0.0845070422535211,0.103448275862069
"635",32,34,"ZACATECAS",0,117,6,"Nochistlán de Mejía",217,0.0276497695852535,0.0512820512820513
"636",32,36,"ZACATECAS",8,65,8,"Ojocaliente",247,0.0323886639676113,0.123076923076923
"637",32,39,"ZACATECAS",3,137,19,"Río Grande",439,0.0432801822323462,0.138686131386861
"638",32,42,"ZACATECAS",2,139,7,"Sombrerete",443,0.0158013544018059,0.0503597122302158
"639",32,5,"ZACATECAS",8,130,18,"Calera",219,0.0821917808219178,0.138461538461538
"640",32,51,"ZACATECAS",10,102,5,"Villa de Cos",187,0.0267379679144385,0.0490196078431373
"641",32,56,"ZACATECAS",34,970,67,"Zacatecas",851,0.0787309048178613,0.0690721649484536
"642",4,1,"CAMPECHE",4,200,27,"Calkiní",348,0.0775862068965517,0.135
"643",4,11,"CAMPECHE",3,122,15,"Candelaria",248,0.0604838709677419,0.122950819672131
"644",4,2,"CAMPECHE",38,2260,285,"Campeche",1578,0.180608365019011,0.126106194690265
"645",4,3,"CAMPECHE",161,1713,267,"Carmen",1233,0.21654501216545,0.155866900175131
"646",4,4,"CAMPECHE",6,217,41,"Champotón",486,0.0843621399176955,0.188940092165899
"647",4,5,"CAMPECHE",5,183,23,"Hecelchakán",165,0.139393939393939,0.12568306010929
"648",4,6,"CAMPECHE",2,140,17,"Hopelchén",218,0.0779816513761468,0.121428571428571
"649",4,8,"CAMPECHE",4,51,4,"Tenabo",61,0.0655737704918033,0.0784313725490196
"650",4,9,"CAMPECHE",3,429,33,"Escárcega",314,0.105095541401274,0.0769230769230769
"651",5,10,"COAHUILA",1,387,25,"Frontera",436,0.0573394495412844,0.0645994832041344
"652",5,17,"COAHUILA",5,486,36,"Matamoros",636,0.0566037735849057,0.0740740740740741
"653",5,18,"COAHUILA",13,1535,110,"Monclova",1456,0.0755494505494505,0.0716612377850163
"654",5,2,"COAHUILA",4,1563,154,"Acuña",655,0.235114503816794,0.0985284708893154
"655",5,20,"COAHUILA",1,499,36,"Múzquiz",509,0.0707269155206287,0.0721442885771543
"656",5,22,"COAHUILA",0,142,11,"Nava",138,0.0797101449275362,0.0774647887323944
"657",5,24,"COAHUILA",0,235,6,"Parras",302,0.0198675496688742,0.025531914893617
"658",5,25,"COAHUILA",8,2790,89,"Piedras Negras",969,0.0918472652218782,0.0318996415770609
"659",5,27,"COAHUILA",1,106,13,"Ramos Arizpe",392,0.0331632653061225,0.122641509433962
"660",5,28,"COAHUILA",0,780,43,"Sabinas",431,0.0997679814385151,0.0551282051282051
"661",5,29,"COAHUILA",0,58,2,"Sacramento",12,0.166666666666667,0.0344827586206897
"662",5,3,"COAHUILA",0,189,4,"Allende",180,0.0222222222222222,0.0211640211640212
"663",5,30,"COAHUILA",45,3621,257,"Saltillo",4170,0.0616306954436451,0.0709748688207677
"664",5,31,"COAHUILA",0,65,8,"San Buenaventura",150,0.0533333333333333,0.123076923076923
"665",5,32,"COAHUILA",0,731,29,"San Juan de Sabinas",366,0.0792349726775956,0.039671682626539
"666",5,33,"COAHUILA",1,906,61,"San Pedro",749,0.0814419225634179,0.0673289183222958
"667",5,35,"COAHUILA",63,4728,298,"Torreón",3999,0.0745186296574143,0.0630287648054146
"668",5,37,"COAHUILA",0,84,2,"Villa Unión",46,0.0434782608695652,0.0238095238095238
"669",5,38,"COAHUILA",0,79,4,"Zaragoza",85,0.0470588235294118,0.0506329113924051
"670",5,6,"COAHUILA",0,73,3,"Castaños",170,0.0176470588235294,0.0410958904109589
"671",5,7,"COAHUILA",0,84,2,"Cuatro Ciénegas",88,0.0227272727272727,0.0238095238095238
"672",5,9,"COAHUILA",3,688,41,"Francisco I. Madero",327,0.125382262996942,0.059593023255814
"673",6,1,"COLIMA",1,61,15,"Armería",254,0.0590551181102362,0.245901639344262
"674",6,10,"COLIMA",8,554,31,"Villa de Álvarez",594,0.0521885521885522,0.055956678700361
"675",6,2,"COLIMA",19,762,63,"Colima",1031,0.061105722599418,0.0826771653543307
"676",6,4,"COLIMA",1,68,6,"Coquimatlán",166,0.036144578313253,0.0882352941176471
"677",6,5,"COLIMA",2,67,6,"Cuauhtémoc",196,0.0306122448979592,0.0895522388059701
"678",6,7,"COLIMA",71,1074,132,"Manzanillo",1137,0.116094986807388,0.122905027932961
"679",6,9,"COLIMA",11,644,81,"Tecomán",891,0.0909090909090909,0.125776397515528
"680",7,101,"CHIAPAS",79,2403,368,"Tuxtla Gutiérrez",3198,0.115071919949969,0.153141905950895
"681",7,106,"CHIAPAS",5,85,21,"Venustiano Carranza",362,0.0580110497237569,0.247058823529412
"682",7,108,"CHIAPAS",11,64,5,"Villaflores",618,0.00809061488673139,0.078125
"683",7,12,"CHIAPAS",2,60,7,"Berriozábal",224,0.03125,0.116666666666667
"684",7,19,"CHIAPAS",6,166,30,"Comitán de Domínguez",791,0.0379266750948167,0.180722891566265
"685",7,27,"CHIAPAS",8,146,34,"Chiapa de Corzo",523,0.0650095602294455,0.232876712328767
"686",7,40,"CHIAPAS",3,105,21,"Huixtla",371,0.0566037735849057,0.2
"687",7,57,"CHIAPAS",1,56,19,"Motozintla",356,0.0533707865168539,0.339285714285714
"688",7,59,"CHIAPAS",10,86,21,"Ocosingo",692,0.0303468208092486,0.244186046511628
"689",7,61,"CHIAPAS",4,123,28,"Ocozocoautla de Espinosa",434,0.0645161290322581,0.227642276422764
"690",7,65,"CHIAPAS",8,127,15,"Palenque",563,0.0266429840142096,0.118110236220472
"691",7,68,"CHIAPAS",0,100,3,"Pichucalco",203,0.0147783251231527,0.03
"692",7,74,"CHIAPAS",10,122,17,"Reforma",232,0.0732758620689655,0.139344262295082
"693",7,78,"CHIAPAS",12,351,45,"San Cristóbal de las Casas",972,0.0462962962962963,0.128205128205128
"694",7,89,"CHIAPAS",29,969,184,"Tapachula",2264,0.0812720848056537,0.189886480908153
"695",7,9,"CHIAPAS",7,63,12,"Arriaga",303,0.0396039603960396,0.19047619047619
"696",7,97,"CHIAPAS",11,153,30,"Tonalá",560,0.0535714285714286,0.196078431372549
"697",8,17,"CHIHUAHUA",7,256,25,"Cuauhtémoc",1169,0.0213857998289136,0.09765625
"698",8,19,"CHIHUAHUA",102,1492,179,"Chihuahua",5923,0.0302211717035286,0.119973190348525
"699",8,21,"CHIHUAHUA",9,424,47,"Delicias",989,0.0475227502527806,0.110849056603774
"700",8,32,"CHIHUAHUA",5,196,9,"Hidalgo del Parral",824,0.0109223300970874,0.0459183673469388
"701",8,37,"CHIHUAHUA",520,4204,732,"Juárez",8831,0.0828898199524403,0.174119885823026
"702",8,45,"CHIHUAHUA",4,71,20,"Meoqui",340,0.0588235294117647,0.28169014084507
"703",8,50,"CHIHUAHUA",8,112,11,"Nuevo Casas Grandes",420,0.0261904761904762,0.0982142857142857
"704",8,52,"CHIHUAHUA",1,127,1,"Ojinaga",228,0.0043859649122807,0.0078740157480315
"705",9,10,"CDMX",126,7246,656,"Álvaro Obregón",4899,0.133904878546642,0.0905327077008004
"706",9,11,"CDMX",64,4842,232,"Tláhuac",1912,0.121338912133891,0.0479140850888063
"707",9,12,"CDMX",153,7705,412,"Tlalpan",3874,0.106350025813113,0.0534717715768981
"708",9,13,"CDMX",103,5842,326,"Xochimilco",2563,0.127194693718299,0.0558028072577884
"709",9,14,"CDMX",86,3136,265,"Benito Juárez",3145,0.0842607313195548,0.0845025510204082
"710",9,15,"CDMX",113,5074,562,"Cuauhtémoc",4286,0.131124591693887,0.110760741032716
"711",9,16,"CDMX",66,3765,282,"Miguel Hidalgo",2925,0.0964102564102564,0.0749003984063745
"712",9,17,"CDMX",104,4838,477,"Venustiano Carranza",3682,0.129549158066268,0.0985944605208764
"713",9,2,"CDMX",68,5238,555,"Azcapotzalco",3583,0.15489813005861,0.105956471935853
"714",9,3,"CDMX",131,6329,497,"Coyoacán",4445,0.111811023622047,0.0785274134934429
"715",9,4,"CDMX",30,2544,138,"Cuajimalpa de Morelos",982,0.140529531568228,0.0542452830188679
"716",9,5,"CDMX",242,11228,1436,"Gustavo A. Madero",9664,0.148592715231788,0.127894549340933
"717",9,6,"CDMX",79,4289,470,"Iztacalco",3269,0.143774854695626,0.109582653299137
"718",9,7,"CDMX",369,14133,1636,"Iztapalapa",11576,0.141326883206634,0.115757447109602
"719",9,8,"CDMX",36,3448,157,"La Magdalena Contreras",1527,0.102815979043877,0.0455336426914153
"720",9,9,"CDMX",13,2682,72,"Milpa Alta",723,0.0995850622406639,0.0268456375838926
