"","FECHA_DEF","registros_dia_4","registros_dia_5","registros_dia_6","registros_dia_7","registros_dia_8","registros_dia_9","registros_dia_10","registros_dia_11","registros_dia_12","registros_dia_13","registros_dia_14","registros_dia_15","registros_dia_16","registros_dia_17","registros_dia_18","registros_dia_19","registros_dia_20","registros_dia_21","registros_dia_22","registros_dia_23","registros_dia_24","registros_dia_25","registros_dia_26","registros_dia_27","registros_dia_28","registros_dia_29","registros_dia_30","registros_dia_31","registros_dia_32","registros_dia_33","registros_dia_34","registros_dia_35","registros_dia_36","registros_dia_37","registros_dia_38","registros_dia_39","registros_dia_40","registros_dia_41","registros_dia_42","registros_dia_43","registros_dia_44","registros_dia_45","registros_dia_46","registros_dia_47","registros_dia_48","registros_dia_49","registros_dia_50","registros_dia_51","registros_dia_52","registros_dia_53","registros_dia_54","registros_dia_55","registros_dia_56","registros_dia_57","registros_dia_58","registros_dia_59","registros_dia_60","acumulados_estimados","tasa_4dias","tasa_suave","Estado","Abreviatura","por_dia_suave","suave_duplex"
"1","2020-04-12",0,0,0,0,0,0,0,0,0,0,0,0,0,0,0,0,0,0,0,0,0,0,0,0,0,0,0,0,0,0,0,0,0,0,0,0,0,0,0,0,0,0,0,0,0,0,0,0,0,0,0,0,0,0,0,0,0,3,NA,NA,"QUERÉTARO","QT",0,NA
"2","2020-04-13",0,0,0,0,0,0,0,0,0,0,0,0,0,0,0,0,0,0,0,0,0,0,0,0,0,0,0,0,0,0,0,0,0,0,0,0,0,0,0,0,0,0,0,0,0,0,0,0,0,0,0,0,0,0,0,0,0,3,NA,NA,"QUERÉTARO","QT",0,NA
"3","2020-04-14",1,1,1,1,1,1,1,1,1,1,1,1,1,1,1,1,1,1,1,1,1,1,1,1,1,1,1,1,1,1,1,1,1,1,1,1,1,1,1,1,1,1,1,1,1,1,1,1,1,1,1,1,1,1,1,1,1,4,NA,NA,"QUERÉTARO","QT",1,NA
"4","2020-04-15",1,1,1,1,1,1,1,1,1,1,1,1,1,1,1,1,1,1,1,1,1,1,1,1,1,1,1,1,1,1,1,1,1,1,1,1,1,1,1,1,1,1,1,1,1,1,1,1,1,1,1,1,1,1,1,1,1,5,NA,NA,"QUERÉTARO","QT",1,NA
"5","2020-04-16",0,0,0,0,0,0,0,0,0,0,0,0,0,0,0,0,0,0,0,0,0,0,0,0,0,0,0,0,0,0,0,0,0,0,0,0,0,0,0,0,0,0,0,0,0,0,0,0,0,0,0,0,0,0,0,0,0,5,NA,NA,"QUERÉTARO","QT",0,NA
"6","2020-04-17",0,0,0,0,0,0,0,0,0,0,0,0,0,0,0,0,0,0,0,0,0,0,0,0,0,0,0,0,0,0,0,0,0,0,0,0,0,0,0,0,0,0,0,0,0,0,0,0,0,0,0,0,0,0,0,0,0,5,NA,NA,"QUERÉTARO","QT",0,NA
"7","2020-04-18",0,0,0,0,0,0,0,0,0,0,0,0,0,0,0,0,0,0,0,0,0,0,0,0,0,0,0,0,0,0,0,0,0,0,0,0,0,0,0,0,0,0,0,0,0,0,0,0,0,0,0,0,0,0,0,0,0,5,NA,NA,"QUERÉTARO","QT",0,NA
"8","2020-04-19",0,0,0,0,0,0,0,0,0,0,0,0,0,0,0,0,0,0,0,0,0,0,0,0,0,0,0,0,0,0,0,0,0,0,0,0,0,0,0,0,0,0,0,0,0,0,0,0,0,0,0,0,0,0,0,0,0,5,1,NA,"QUERÉTARO","QT",0,NA
"9","2020-04-20",0,0,0,0,0,0,0,0,0,0,0,0,0,0,0,0,0,0,0,0,0,0,0,0,0,0,0,0,0,0,0,0,0,0,0,0,0,0,0,0,0,0,0,0,0,0,0,0,0,0,0,0,0,0,0,0,0,5,1,1.05,"QUERÉTARO","QT",0,56.8267963315618
"10","2020-04-21",1,1,1,1,1,1,1,1,1,1,1,1,1,1,1,1,1,1,1,1,1,1,1,1,1,1,1,1,1,1,1,1,1,1,1,1,1,1,1,1,1,1,1,1,1,1,1,1,1,1,1,1,1,1,1,1,1,6,1.2,1.15,"QUERÉTARO","QT",0.25,19.8379378185616
"11","2020-04-22",0,0,0,0,0,0,0,0,0,0,0,0,0,0,0,0,0,0,0,0,0,0,0,0,0,0,0,0,0,0,0,0,0,0,0,0,0,0,0,0,0,0,0,0,0,0,0,0,0,0,0,0,0,0,0,0,0,6,1.2,1.2,"QUERÉTARO","QT",0.25,15.2071360676957
"12","2020-04-23",0,0,0,0,0,0,0,0,0,0,0,0,0,0,0,0,0,0,0,0,0,0,0,0,0,0,0,0,0,0,0,0,0,0,0,0,0,0,0,0,0,0,0,0,0,0,0,0,0,0,0,0,0,0,0,0,0,6,1.2,1.2,"QUERÉTARO","QT",0.25,15.2071360676957
"13","2020-04-24",0,0,0,0,0,0,0,0,0,0,0,0,0,0,0,0,0,0,0,0,0,0,0,0,0,0,0,0,0,0,0,0,0,0,0,0,0,0,0,0,0,0,0,0,0,0,0,0,0,0,0,0,0,0,0,0,0,6,1.2,1.19166666666667,"QUERÉTARO","QT",0.25,15.8114802791019
"14","2020-04-25",1,1,1,1,1,1,1,1,1,1,1,1,1,1,1,1,1,1,1,1,1,1,1,1,1,1,1,1,1,1,1,1,1,1,1,1,1,1,1,1,1,1,1,1,1,1,1,1,1,1,1,1,1,1,1,1,1,7,1.16666666666667,1.21666666666667,"QUERÉTARO","QT",0.25,14.1375745553801
"15","2020-04-26",1,1,1,1,1,1,1,1,1,1,1,1,1,1,1,1,1,1,1,1,1,1,1,1,1,1,1,1,1,1,1,1,1,1,1,1,1,1,1,1,1,1,1,1,1,1,1,1,1,1,1,1,1,1,1,1,1,8,1.33333333333333,1.33333333333333,"QUERÉTARO","QT",0.5,9.63768335861284
"16","2020-04-27",1,1,1,1,1,1,1,1,1,1,1,1,1,1,1,1,1,1,1,1,1,1,1,1,1,1,1,1,1,1,1,1,1,1,1,1,1,1,1,1,1,1,1,1,1,1,1,1,1,1,1,1,1,1,1,1,1,9,1.5,1.45833333333333,"QUERÉTARO","QT",0.75,7.34861149043169
"17","2020-04-28",0,0,0,0,0,0,0,0,0,0,0,0,0,0,0,0,0,0,0,0,0,0,0,0,0,0,0,0,0,0,0,0,0,0,0,0,0,0,0,0,0,0,0,0,0,0,0,0,0,0,0,0,0,0,0,0,0,9,1.5,1.48214285714286,"QUERÉTARO","QT",0.75,7.04616725407492
"18","2020-04-29",1,1,1,1,1,1,1,1,1,1,1,1,1,1,1,1,1,1,1,1,1,1,1,1,1,1,1,1,1,1,1,1,1,1,1,1,1,1,1,1,1,1,1,1,1,1,1,1,1,1,1,1,1,1,1,1,1,10,1.42857142857143,1.43303571428571,"QUERÉTARO","QT",0.75,7.70602196526703
"19","2020-04-30",1,1,1,1,1,1,1,1,1,1,1,1,1,1,1,1,1,1,1,1,1,1,1,1,1,1,1,1,1,1,1,1,1,1,1,1,1,1,1,1,1,1,1,1,1,1,1,1,1,1,1,1,1,1,1,1,1,11,1.375,1.37797619047619,"QUERÉTARO","QT",0.75,8.64769580380147
"20","2020-05-01",1,1,1,1,1,1,1,1,1,1,1,1,1,1,1,1,1,1,1,1,1,1,1,1,1,1,1,1,1,1,1,1,1,1,1,1,1,1,1,1,1,1,1,1,1,1,1,1,1,1,1,1,1,1,1,1,1,12,1.33333333333333,1.37152777777778,"QUERÉTARO","QT",0.75,8.77608996791953
"21","2020-05-02",1,1,1,1,1,1,1,1,1,1,1,1,1,1,1,1,1,1,1,1,1,1,1,1,1,1,1,1,1,1,1,1,1,1,1,1,1,1,1,1,1,1,1,1,1,1,1,1,1,1,1,1,1,1,1,1,1,13,1.44444444444444,1.40555555555556,"QUERÉTARO","QT",1,8.14430937013971
"22","2020-05-03",1,1,1,1,1,1,1,1,1,1,1,1,1,1,1,1,1,1,1,1,1,1,1,1,1,1,1,1,1,1,1,1,1,1,1,1,1,1,1,1,1,1,1,1,1,1,1,1,1,1,1,1,1,1,1,1,1,14,1.4,1.42474747474747,"QUERÉTARO","QT",1,7.83229128807278
"23","2020-05-04",2,2,2,2,2,2,2,2,2,2,2,2,2,2,2,2,2,2,2,2,2,2,2,2,2,2,2,2,2,2,2,2,2,2,2,2,2,2,2,2,2,2,2,2,2,2,2,2,2,2,2,2,2,2,2,2,2,16,1.45454545454545,1.43143939393939,"QUERÉTARO","QT",1.25,7.72996766345944
"24","2020-05-05",1,1,1,1,1,1,1,1,1,1,1,1,1,1,1,1,1,1,1,1,1,1,1,1,1,1,1,1,1,1,1,1,1,1,1,1,1,1,1,1,1,1,1,1,1,1,1,1,1,1,1,1,1,1,1,1,1,17,1.41666666666667,1.43735431235431,"QUERÉTARO","QT",1.25,7.64210881787814
"25","2020-05-06",0,0,0,0,0,0,0,0,0,0,0,0,0,0,0,0,0,0,0,0,0,0,0,0,1,1,1,1,1,1,1,1,1,1,1,1,1,1,1,1,1,2,2,2,2,2,2,2,2,2,2,2,2,2,2,2,2,19,1.46153846153846,1.42422161172161,"QUERÉTARO","QT",1.5,7.8404676526045
"26","2020-05-07",0,0,0,0,0,0,0,0,0,0,0,0,0,0,0,0,0,0,0,0,0,0,0,0,0,0,0,0,0,0,0,0,0,0,0,0,0,0,0,0,0,0,0,0,0,0,0,0,0,0,0,0,0,0,0,0,0,19,1.35714285714286,1.34083104395604,"QUERÉTARO","QT",1.25,9.45341630404794
"27","2020-05-08",0,0,0,0,0,0,0,0,0,0,0,0,0,0,0,0,0,0,0,0,0,0,0,0,0,0,0,0,0,0,0,0,0,0,0,0,0,0,0,0,0,0,0,0,0,0,0,0,0,0,0,0,0,0,0,0,0,19,1.1875,1.2124474789916,"QUERÉTARO","QT",0.75,14.3925142594791
"28","2020-05-09",0,0,0,0,0,0,0,0,0,0,0,0,0,0,0,0,0,0,0,0,0,0,0,0,0,0,0,0,0,0,0,0,0,0,0,0,0,0,0,0,0,0,0,0,0,0,0,0,0,0,0,0,0,0,0,0,0,19,1.11764705882353,1.15833010835913,"QUERÉTARO","QT",0.5,18.8637904726123
"29","2020-05-10",4,4,4,4,4,4,4,4,4,4,4,4,4,4,4,4,4,4,4,4,4,4,4,4,4,4,4,4,4,4,4,4,4,4,4,4,4,4,4,4,4,4,4,4,4,4,4,4,4,4,4,4,4,4,4,4,4,23,1.21052631578947,1.21362229102167,"QUERÉTARO","QT",1,14.3205188019193
"30","2020-05-11",2,2,2,2,2,2,2,2,2,2,2,2,2,2,2,2,2,2,2,2,2,2,2,2,2,2,2,2,2,2,2,2,2,2,2,2,2,2,2,2,2,2,2,2,2,2,2,2,2,2,2,2,2,2,2,2,2,25,1.31578947368421,1.32894736842105,"QUERÉTARO","QT",1.5,9.74934508590357
"31","2020-05-12",3,3,3,3,3,3,3,3,3,3,3,3,3,3,3,3,3,3,3,3,3,3,3,3,3,3,3,3,3,3,3,3,3,3,3,3,3,3,3,3,3,3,3,3,3,3,3,3,3,3,3,3,3,3,3,3,3,28,1.47368421052632,1.44736842105263,"QUERÉTARO","QT",2.25,7.49860994404173
"32","2020-05-13",0,0,0,0,0,0,0,0,0,0,0,0,0,0,0,0,0,1,1,1,1,1,1,1,1,1,1,1,1,1,1,1,1,1,1,1,1,1,1,1,1,1,1,1,1,1,1,1,1,1,1,1,1,1,1,1,1,29,1.52631578947368,1.46853546910755,"QUERÉTARO","QT",2.5,7.215292090528
"33","2020-05-14",2,2,2,2,2,2,2,2,2,2,2,2,2,2,2,2,2,2,2,2,2,2,2,2,2,2,2,2,2,2,2,2,2,2,2,2,2,2,2,2,2,2,2,2,2,2,2,2,2,2,2,2,2,2,2,2,2,31,1.34782608695652,1.40549199084668,"QUERÉTARO","QT",2,8.14539144831318
"34","2020-05-15",5,5,5,5,5,5,5,5,5,5,5,5,5,5,5,5,5,5,5,5,5,4,4,4,4,4,4,4,4,4,4,4,4,4,4,4,4,4,4,4,4,4,4,4,4,4,4,4,4,4,4,4,4,4,4,4,4,35,1.4,1.4208850931677,"QUERÉTARO","QT",2.5,7.89281729807328
"35","2020-05-16",8,8,8,8,8,8,8,8,8,8,8,8,8,8,8,8,8,8,8,8,8,8,8,8,8,8,8,8,8,8,8,8,8,8,8,8,8,8,8,8,8,8,8,8,8,8,8,8,8,8,8,8,8,8,8,8,8,43,1.53571428571429,1.55751231527094,"QUERÉTARO","QT",3.75,6.25739574603382
"36","2020-05-17",7,7,7,8,8,8,8,8,8,8,8,8,8,8,8,8,8,8,8,8,8,8,8,8,8,8,8,8,8,8,8,8,8,8,8,8,8,8,8,8,8,8,8,8,8,8,8,8,8,8,8,8,8,8,8,8,8,51,1.75862068965517,1.68259375496584,"QUERÉTARO","QT",5.5,5.32845321784052
"37","2020-05-18",1,1,1,1,1,1,1,1,1,1,1,1,1,1,1,1,1,1,1,1,1,1,1,1,1,1,1,1,1,1,1,1,1,1,1,1,1,1,1,1,1,1,1,1,1,1,1,1,1,1,1,1,1,1,1,1,1,52,1.67741935483871,1.67122199269029,"QUERÉTARO","QT",5.25,5.39881459821233
"38","2020-05-19",2,2,2,3,3,3,3,3,3,3,3,3,3,3,3,3,3,3,3,3,3,3,3,3,3,3,3,3,3,3,3,3,3,3,3,3,3,3,3,3,3,3,3,3,3,3,3,3,3,3,3,3,3,3,3,3,3,55,1.57142857142857,1.55390633372629,"QUERÉTARO","QT",5,6.29030173044108
"39","2020-05-20",5,5,5,5,5,5,5,5,5,5,5,5,5,5,5,5,5,5,5,5,5,5,5,5,5,5,5,5,5,5,5,5,5,5,5,5,5,5,5,5,5,5,5,5,5,5,5,5,5,5,5,5,5,5,5,5,5,60,1.3953488372093,1.42876685557944,"QUERÉTARO","QT",4.25,7.77045276828399
"40","2020-05-21",7,7,7,8,8,8,9,9,9,9,9,9,9,9,9,9,9,9,9,9,9,9,9,9,9,9,9,9,9,9,9,9,9,9,9,9,9,9,9,9,9,9,9,9,9,9,9,9,9,9,9,9,9,9,9,9,9,69,1.35294117647059,1.36665395138377,"QUERÉTARO","QT",4.5,8.87610756409733
"41","2020-05-22",2,2,2,2,2,2,2,2,2,2,2,2,2,2,2,2,2,2,2,2,2,2,2,2,2,2,2,2,2,2,2,2,2,2,2,2,2,2,2,2,2,2,2,2,2,2,2,2,2,2,2,2,2,2,2,2,2,71,1.36538461538462,1.3663821472645,"QUERÉTARO","QT",4.75,8.88176314155553
"42","2020-05-23",3,4,4,4,4,4,4,4,4,5,5,5,5,5,5,5,5,5,5,5,5,5,5,5,5,5,5,5,5,5,5,5,5,5,5,5,5,5,5,5,5,5,5,5,5,5,5,5,5,5,5,5,5,5,5,5,5,76,1.38181818181818,1.36142191142191,"QUERÉTARO","QT",5.25,8.98645716072289
"43","2020-05-24",2,2,3,3,3,3,3,3,3,3,3,3,3,3,3,3,3,3,3,3,3,3,3,3,3,3,3,3,3,3,3,3,3,3,3,3,3,3,3,3,3,3,3,3,3,3,3,3,3,3,3,3,3,3,3,3,3,79,1.31666666666667,1.30813570487484,"QUERÉTARO","QT",4.75,10.322255326449
"44","2020-05-25",2,2,2,3,3,3,4,5,5,5,5,5,5,5,5,5,5,5,5,5,5,5,5,5,5,5,5,5,5,5,5,5,5,5,5,5,5,5,5,5,5,5,5,5,5,5,5,5,5,5,5,5,5,5,5,5,5,84,1.21739130434783,1.25124260053072,"QUERÉTARO","QT",3.75,12.3700549912217
"45","2020-05-26",5,5,5,5,5,5,5,5,5,5,5,5,5,5,5,5,5,5,5,5,5,5,5,5,5,5,5,5,5,5,5,5,5,5,5,5,5,5,5,5,5,5,5,5,5,5,5,5,5,5,5,5,5,5,5,5,5,89,1.25352112676056,1.24360838946724,"QUERÉTARO","QT",4.5,12.7172966993306
"46","2020-05-27",6,6,6,6,6,6,6,6,6,6,6,6,6,6,6,6,6,6,6,6,6,6,6,6,6,6,6,6,6,6,6,6,6,6,6,6,6,6,6,6,6,6,6,6,6,6,6,6,6,6,6,6,6,6,6,6,6,95,1.25,1.2453423070066,"QUERÉTARO","QT",4.75,12.636539782098
"47","2020-05-28",1,1,1,1,1,1,1,1,1,1,1,1,1,1,1,1,1,1,1,1,1,1,2,2,2,2,2,2,2,2,2,2,2,2,2,2,2,2,2,2,2,2,2,2,2,2,2,2,2,2,2,2,2,2,2,2,2,97,1.22784810126582,1.23297166968053,"QUERÉTARO","QT",4.5,13.2389111712379
"48","2020-05-29",5,6,6,6,6,6,6,6,6,6,6,6,6,6,6,6,6,6,6,6,6,6,6,6,6,6,6,6,6,6,6,6,6,6,6,6,6,6,6,6,6,6,6,6,6,6,6,6,6,6,6,6,6,6,6,6,6,103,1.22619047619048,1.21500108363641,"QUERÉTARO","QT",4.75,14.2370236372164
"49","2020-05-30",1,1,1,1,1,1,1,1,1,1,1,1,1,1,1,1,1,1,1,1,2,2,2,2,2,2,2,2,2,2,2,2,2,2,2,2,2,2,2,2,2,2,2,2,2,2,2,2,2,2,2,2,2,2,2,2,2,105,1.17977528089888,1.19117210160232,"QUERÉTARO","QT",4,15.8489989715941
"50","2020-05-31",5,5,5,5,5,6,6,6,6,6,6,6,6,6,6,6,6,6,6,6,6,6,6,6,6,6,6,6,6,7,7,7,7,7,7,7,7,7,7,7,7,7,7,7,7,7,7,7,7,7,7,7,7,7,7,7,7,112,1.17894736842105,1.18596389618782,"QUERÉTARO","QT",4.25,16.2561916515113
"51","2020-06-01",3,3,3,3,4,4,4,4,4,4,4,4,4,4,4,4,4,5,5,5,5,5,5,5,5,5,5,5,5,5,5,5,5,5,5,5,5,5,5,5,5,5,5,5,5,5,5,5,5,5,5,5,5,5,5,5,5,117,1.20618556701031,1.19637331493081,"QUERÉTARO","QT",5,15.4638595366252
"52","2020-06-02",6,6,6,6,6,6,6,6,6,6,6,6,6,6,6,6,6,6,6,6,6,6,6,6,6,6,6,6,6,6,6,6,6,6,6,6,6,6,6,6,6,6,6,6,6,6,6,6,6,6,6,6,6,6,6,6,6,123,1.19417475728155,1.20339567515526,"QUERÉTARO","QT",5,14.9750435077605
"53","2020-06-03",4,4,4,4,4,5,5,5,5,5,5,5,5,5,5,5,5,5,5,5,5,5,5,5,5,5,5,5,5,5,5,5,5,5,5,5,5,5,5,5,5,5,5,5,5,5,5,5,5,5,5,5,5,5,5,5,5,128,1.21904761904762,1.21387107027277,"QUERÉTARO","QT",5.75,14.3053741734489
"54","2020-06-04",9,9,9,9,9,9,9,9,9,9,9,9,9,9,9,10,10,10,10,9,9,9,9,9,9,9,9,9,9,9,9,9,9,9,9,9,9,9,9,9,9,9,9,9,9,9,9,9,9,9,9,9,9,9,9,9,9,137,1.22321428571429,1.21551434676435,"QUERÉTARO","QT",6.25,14.2062141976725
"55","2020-06-05",3,3,3,3,3,3,3,3,3,3,3,3,3,3,3,3,3,3,3,3,3,3,3,3,3,3,3,3,3,3,3,3,3,3,3,3,3,3,3,3,3,3,3,3,3,3,3,3,3,3,3,3,3,3,3,3,3,140,1.1965811965812,1.20287465752405,"QUERÉTARO","QT",5.75,15.0101514779892
"56","2020-06-06",6,6,6,6,6,6,6,6,6,6,6,6,6,7,7,7,7,7,7,7,7,7,7,7,7,7,7,7,7,7,7,7,7,7,7,7,7,7,7,7,7,7,7,7,7,7,7,7,7,7,7,7,7,7,7,7,7,147,1.19512195121951,1.19748752475506,"QUERÉTARO","QT",6,15.3839866375448
"57","2020-06-07",5,5,5,6,7,7,7,7,7,7,7,7,7,7,7,7,7,7,7,7,7,7,7,7,7,7,7,7,7,7,7,7,7,7,7,7,7,7,7,7,7,7,7,7,7,7,7,7,7,7,7,7,7,7,7,7,7,154,1.203125,1.18683933816984,"QUERÉTARO","QT",6.5,16.186163455399
"58","2020-06-08",3,3,3,3,3,3,3,3,3,3,3,3,3,3,3,3,3,3,3,3,3,3,3,3,3,3,3,3,3,3,3,3,3,3,3,3,3,3,3,3,3,3,3,3,3,3,3,3,3,3,3,3,3,3,3,3,3,157,1.14598540145985,1.16663109358707,"QUERÉTARO","QT",5,17.9897828798247
"59","2020-06-09",6,6,6,6,6,6,6,6,6,6,7,7,7,7,7,7,7,7,7,7,7,7,7,7,7,7,7,7,7,7,7,7,7,7,7,7,7,7,7,7,7,7,7,7,7,7,7,7,7,7,7,7,7,7,7,7,7,164,1.17142857142857,1.15452356124932,"QUERÉTARO","QT",6,19.2959286504589
"60","2020-06-10",1,1,1,1,1,1,1,1,2,2,2,2,2,2,2,2,2,2,2,2,2,2,2,2,2,2,2,2,2,2,2,2,2,2,2,2,2,2,2,2,2,2,2,2,2,2,2,2,2,2,2,2,2,2,2,2,2,166,1.12925170068027,1.13995052566481,"QUERÉTARO","QT",4.75,21.1672452856394
"61","2020-06-11",8,8,8,8,8,8,8,8,8,8,8,8,8,8,8,8,8,8,8,8,8,8,8,8,8,8,8,8,8,8,8,8,8,8,8,8,8,8,8,8,8,8,8,8,8,8,8,8,8,8,8,8,8,8,8,8,8,174,1.12987012987013,1.13546455061469,"QUERÉTARO","QT",5,21.8242133668154
"62","2020-06-12",6,6,6,6,6,6,6,7,7,7,7,7,7,7,7,7,7,7,7,7,7,7,7,7,7,7,7,7,7,7,7,7,7,7,7,7,7,7,7,7,7,7,7,7,7,7,7,7,7,7,7,7,7,7,7,7,7,181,1.15286624203822,1.1485347998281,"QUERÉTARO","QT",6,20.0205641161596
"63","2020-06-13",7,9,9,9,9,9,9,9,9,9,9,9,9,9,9,9,9,9,9,9,9,9,9,9,9,9,9,9,9,9,9,9,9,9,9,9,9,9,9,9,9,9,9,9,9,9,9,9,9,9,9,9,9,9,9,9,9,190,1.15853658536585,1.15965352789128,"QUERÉTARO","QT",6.5,18.7183689352622
"64","2020-06-14",4,4,4,4,4,4,4,4,4,4,4,4,4,4,4,4,4,4,4,4,4,4,4,4,4,4,4,4,4,4,4,4,4,4,4,4,4,4,4,4,4,4,4,4,4,4,4,4,4,4,4,4,4,4,4,4,4,194,1.16867469879518,1.16276459918733,"QUERÉTARO","QT",7,18.385812629497
"65","2020-06-15",7,7,7,7,7,7,7,7,7,7,7,7,7,7,7,7,7,7,7,7,7,7,7,7,7,7,7,7,7,7,7,7,7,7,7,7,7,7,7,7,7,7,7,7,7,7,7,7,7,7,7,7,7,7,7,7,7,201,1.1551724137931,1.1570476992749,"QUERÉTARO","QT",6.75,19.0070398543957
"66","2020-06-16",4,4,4,4,4,4,4,4,4,4,4,4,4,6,6,6,6,7,7,7,7,7,7,7,7,7,7,7,7,7,7,7,7,7,7,7,7,7,7,7,7,7,7,7,7,7,7,7,7,7,7,7,7,7,7,7,7,208,1.14917127071823,1.14364189670213,"QUERÉTARO","QT",6.75,20.6573821013986
"67","2020-06-17",4,4,4,4,4,4,4,4,4,4,4,4,5,5,5,5,5,5,5,5,5,5,5,5,5,5,5,5,5,5,5,5,5,5,5,5,5,5,5,5,5,5,5,5,5,5,5,5,5,5,5,5,5,5,5,5,5,213,1.12105263157895,1.13003562831439,"QUERÉTARO","QT",5.75,22.6798178693472
"68","2020-06-18",3,3,3,3,3,3,4,4,4,5,5,6,6,6,6,6,6,6,6,6,6,6,6,6,6,6,6,6,6,6,6,6,6,6,6,6,6,6,6,6,6,6,6,6,6,6,6,6,6,6,6,6,6,6,6,6,6,219,1.12886597938144,1.12454689385412,"QUERÉTARO","QT",6.25,23.6205840132235
"69","2020-06-19",3,3,3,3,5,5,5,5,5,5,5,6,6,6,6,6,6,6,6,6,6,6,6,6,6,6,6,6,6,6,6,6,6,6,6,6,6,6,6,6,6,6,6,6,6,6,6,6,6,6,6,6,6,6,6,6,6,225,1.11940298507463,1.11836029507498,"QUERÉTARO","QT",6,24.7854437193467
"70","2020-06-20",3,3,3,4,4,4,4,5,5,5,5,5,5,5,6,6,6,6,6,6,6,6,6,6,6,6,6,6,6,6,6,6,6,6,6,5,5,5,5,5,5,5,5,5,5,5,5,5,5,5,5,5,5,5,5,5,5,230,1.10576923076923,1.10620954005703,"QUERÉTARO","QT",5.5,27.4678697895501
"71","2020-06-21",3,3,3,3,3,3,3,3,3,3,3,3,3,3,3,3,3,3,3,3,3,3,3,3,3,3,3,3,3,3,3,3,3,3,3,3,3,3,3,3,3,3,3,3,3,3,3,3,3,3,3,3,3,3,3,3,3,233,1.09389671361502,1.09508016221671,"QUERÉTARO","QT",5,30.525850030552
"72","2020-06-22",4,4,4,4,4,4,4,4,5,5,5,5,5,5,5,5,5,5,5,5,5,5,5,5,5,5,5,5,5,5,5,5,5,5,5,5,5,5,5,5,5,5,5,5,5,5,5,5,5,5,5,5,5,5,5,5,5,238,1.08675799086758,1.08685317383755,"QUERÉTARO","QT",4.75,33.2897637871776
"73","2020-06-23",3,3,3,3,5,5,5,5,5,5,5,5,5,5,5,5,5,5,5,5,5,5,5,5,5,5,5,5,5,5,5,5,5,5,5,5,5,5,5,5,5,5,5,5,5,5,5,5,5,5,5,5,5,5,5,5,5,243,1.08,1.07908080206472,"QUERÉTARO","QT",4.5,36.4289108331601
"74","2020-06-24",3,3,3,3,3,3,3,3,3,3,3,3,3,3,3,3,3,3,3,3,3,3,3,3,3,3,3,3,3,3,3,3,3,3,3,3,3,3,3,3,3,3,3,3,3,3,3,3,3,3,3,3,3,3,3,3,3,246,1.0695652173913,1.0719499906699,"QUERÉTARO","QT",4,39.9051845676722
"75","2020-06-25",3,3,3,3,3,3,3,3,3,3,3,3,3,3,3,3,3,3,3,3,3,3,3,3,3,3,3,3,3,3,3,3,3,3,3,3,3,3,3,3,3,3,3,3,3,3,3,3,3,3,3,3,3,3,3,3,3,249,1.068669527897,1.0685327909854,"QUERÉTARO","QT",4,41.8273613320184
"76","2020-06-26",5,5,5,5,5,5,5,5,5,5,5,5,5,5,5,5,5,5,5,5,5,5,5,5,5,5,5,5,5,5,5,5,5,5,5,5,5,5,5,5,5,5,5,5,5,5,5,5,5,5,5,5,5,5,5,5,5,254,1.0672268907563,1.07135695903964,"QUERÉTARO","QT",4,40.2255676276216
"77","2020-06-27",9,9,9,9,9,9,9,9,9,9,9,9,9,9,9,9,9,9,9,9,9,9,9,9,9,9,9,9,9,9,9,9,9,9,9,9,9,9,9,9,9,9,9,9,9,9,9,9,9,9,9,9,9,9,9,9,9,263,1.08230452674897,1.0803167096408,"QUERÉTARO","QT",5,35.8891426773847
"78","2020-06-28",4,5,5,5,5,5,5,5,5,5,5,5,5,5,5,5,5,5,5,5,5,5,5,5,5,5,5,5,5,5,5,5,5,5,5,5,5,5,5,5,5,5,5,5,5,5,5,5,5,5,5,5,5,5,5,5,5,268,1.08943089430894,1.09039198044814,"QUERÉTARO","QT",5.5,32.0392527893748
"79","2020-06-29",5,6,6,6,6,6,6,6,6,6,6,6,6,6,6,6,6,6,6,6,6,6,6,6,6,6,6,6,6,6,6,6,6,6,6,6,6,6,6,6,6,6,6,6,6,6,6,6,6,6,6,6,6,6,6,6,6,274,1.1004016064257,1.09716482600269,"QUERÉTARO","QT",6.25,29.8997737101747
"80","2020-06-30",4,4,4,4,4,5,5,5,5,5,5,5,5,5,5,5,5,5,5,5,5,5,5,5,5,5,5,5,5,5,5,5,5,5,5,5,5,5,5,5,5,5,5,5,5,5,5,5,5,5,5,5,5,5,5,5,5,279,1.09842519685039,1.09522554756014,"QUERÉTARO","QT",6.25,30.4812985986583
"81","2020-07-01",5,5,6,6,6,6,6,6,6,6,6,6,6,6,6,6,6,6,6,6,6,6,6,6,6,6,6,6,6,6,6,6,6,6,6,6,6,6,6,6,6,6,6,6,6,6,6,6,6,6,6,6,6,6,6,6,6,285,1.08365019011407,1.09161796143381,"QUERÉTARO","QT",5.5,31.6285447651733
"82","2020-07-02",10,10,10,10,10,10,10,10,10,10,10,10,10,10,10,10,10,10,10,10,10,10,10,10,10,10,10,10,10,10,10,10,10,10,10,10,10,10,10,10,10,10,10,10,10,10,10,10,10,10,10,10,10,10,10,10,10,295,1.10074626865672,1.0950083095941,"QUERÉTARO","QT",6.75,30.5479186365071
"83","2020-07-03",3,3,3,3,3,3,3,3,3,3,3,3,3,3,3,3,3,3,3,3,3,4,4,4,4,4,4,4,4,4,4,4,4,4,4,4,4,4,4,4,4,4,4,4,4,5,5,5,5,5,5,5,5,5,5,5,5,300,1.09489051094891,1.09861748572107,"QUERÉTARO","QT",6.5,29.4791420486136
"84","2020-07-04",7,8,8,8,8,8,8,8,8,8,8,8,8,8,8,8,8,8,8,8,8,8,8,8,8,8,8,8,8,8,8,8,8,8,8,8,8,8,8,8,8,8,8,8,8,8,8,8,8,8,8,8,8,8,8,8,8,308,1.10394265232975,1.10113255039333,"QUERÉTARO","QT",7.25,28.7794327814126
"85","2020-07-05",6,6,6,6,6,6,6,6,6,6,6,6,6,6,6,6,6,6,6,6,6,6,6,6,6,6,6,6,6,6,6,6,6,6,6,6,6,6,6,6,6,6,6,6,6,6,6,6,6,6,6,6,6.00000000000001,6.00000000000001,6.00000000000001,6.00000000000001,6.00000000000001,314,1.10175438596491,1.09720183911574,"QUERÉTARO","QT",7.25,29.8889002242506
"86","2020-07-06",4,4,5,5,5,5,5,5,5,5,5,5,5,5,5,5,5,5,5,5,5,5,5,5,5,5,5,5,5,5,5,5,5,5,5,5,5,5,5,5,5,5,5,5,5,5,5,5,5,5,5,5,5,5,5,5,5,319,1.08135593220339,1.08782489592626,"QUERÉTARO","QT",6,32.9363545352673
"87","2020-07-07",7,7,7,7,7,7,7,7,7,7,7,7,7,7,7,7,7,7,7,7,7,7,7,7,7,7,7,7,7,7,7,7,7,7,7,7,7,7,7,7,7,7,7,7,7,7.05,7.05,7.05,7.05,7.05,7.05,7.05,7.05,7.05,7.05,7.05,7.05,326.05,1.08683333333333,1.08652350686037,"QUERÉTARO","QT",6.5125,33.4114639637484
"88","2020-07-08",9,9,10,10,10,10,10,10,10,10,10,10,10,10,10,10,10,10,10,10,10,10,10,10,10,10,10,10,10,10,10,10,10,10,10,10,10,10,10,10,10,10,10,10,10,10,10,10,10,10,10,10,10,10,10,10,10,336.05,1.09107142857143,1.08852015964911,"QUERÉTARO","QT",7.0125,32.6882506400659
"89","2020-07-09",4,4,4,4,4,4,4,4,4,4,4,4,4,4,4,4,4,4,4,4,4,4,4,4,4,4,4,4,4,4,4,4,4,4,4,4,4,4,4,4,4,4,4,4,4,4.67279670975323,4.67279670975323,4.67279670975323,4.67279670975323,4.67279670975323,4.67279670975323,4.67279670975324,4.67279670975324,4.67279670975324,4.67279670975324,4.67279670975324,4.67279670975324,340.722796709753,1.08510444812023,1.08525520327051,"QUERÉTARO","QT",6.68069917743831,33.888443080279
"90","2020-07-10",2,2,2,3,3,3,3,3,3,3,3,3,3,3,3,3,3,3,3,3,3,3,3,3,3,3,3,3,3,3,3,3,3,3,3,3,3,3,3,3,3,3,3,3,3,3.71441904842739,3.71441904842739,3.71441904842739,3.71441904842739,3.71441904842739,3.71441904842739,3.71441904842739,3.71441904842739,3.71441904842739,3.71441904842739,3.7144190484274,3.7144190484274,344.437215758181,1.07974048827016,1.07662952805611,"QUERÉTARO","QT",6.35930393954516,37.5509640784
"91","2020-07-11",1,1,1,1,1,1,1,1,1,1,1,1,1,1,1,1,1,1,1,1,1,1,1,1,1,1,1,1,1,1,1,1,1,1,1,1,1,1,1,1,1,1,1.00000000000001,1.00000000000001,1.00000000000001,1.80593702202688,1.80593702202688,1.80593702202688,1.80593702202689,1.80593702202689,1.80593702202689,1.80593702202689,1.80593702202689,1.80593702202689,1.80593702202689,1.80593702202689,1.80593702202689,346.243152780208,1.06193268756389,1.06377265424966,"QUERÉTARO","QT",5.04828819505188,44.8481495113903
"92","2020-07-12",6,7,7,7,7,7,7,7,7,7,7,7,7,7,7,7,7,7,7,7,7,7,7,7,7,7,7,7,7,7,7,7,7,7,7,7,7,7,7,7,7,7,7,7,7,7.10829866730229,7.10829866730229,7.10829866730229,7.10829866730229,7.10829866730229,7.10829866730229,7.10829866730229,7.10829866730229,7.10829866730229,7.10829866730229,7.10829866730229,7.10829866730229,353.35145144751,1.05148475360068,1.05636348728997,"QUERÉTARO","QT",4.32536286187746,50.5648463728158
"93","2020-07-13",8,8,8,8,8,8,8,8,8,8,8,8,8,8,8,8,8,8,8,8,8,8,8,8,8,8,8,8,8,8,8,8,8,8,8,8,8,8,8,8,8,8,8,8,8,8.00270836525739,8.00270836525739,8.00270836525739,8.00270836525739,8.00270836525739,8.00270836525739,8.00270836525739,8.00270836525739,8.00270836525739,8.00270836525739,8.00270836525739,8.00270836525739,361.354159812767,1.06055175439461,1.05806792850202,"QUERÉTARO","QT",5.15784077575349,49.1205866557029
"94","2020-07-14",3,3,3,3,3,3,3,3,3,3,3,3,3,3,3,3,3,3,3,3,3,3,3,3,3,3,3,3,3,3,3,3,3,3,3,3,3,3,3,3,3,3,3,3.00000000000001,3.00000000000001,3.64025784760973,3.64025784760973,3.64025784760973,3.64025784760973,3.64025784760973,3.64025784760974,3.64025784760974,3.64025784760974,3.64025784760974,3.64025784760975,3.64025784760975,3.64025784760975,364.994417660377,1.05968345161816,1.06180343216367,"QUERÉTARO","QT",5.13930047554908,46.2338431842552
"95","2020-07-15",4,4,4,4,4,4,4,4,4,4,4,4,4,4,4,4,4,4,4,4,4,4,4,4,4,4,4,4,4,4,4,4,4,4,4,4,4,4,4,4,4,4,4,4,4,4.54919267766155,4.54919267766155,4.54919267766155,4.54919267766155,4.54919267766155,4.54919267766155,4.54919267766155,4.54919267766155,4.54919267766156,4.54919267766156,4.54919267766156,4.54919267766156,369.543610338038,1.06729507102375,1.06507019081438,"QUERÉTARO","QT",5.82511438945775,43.9809290280625
"96","2020-07-16",5,7,7,7,7,7,7,7,7,7,7,7,7,7,7,7,7,7,7,7,7,7,7,7,7,7,7,7,7,7,7,7,7,7,7,7,7,7,7,7.00000000000001,7.00000000000001,7.00000000000001,7.00000000000001,7.00000000000001,7.00000000000001,7.13157029070074,7.13157029070074,7.13157029070074,7.13157029070074,7.13157029070074,7.13157029070074,7.13157029070074,7.13157029070074,7.13157029070074,7.13157029070075,7.13157029070075,7.13157029070075,376.675180628739,1.06600716959187,1.06598292359201,"QUERÉTARO","QT",5.83093229530736,43.3913239128945
"97","2020-07-17",5,5,7,8,8,8,8,8,8,8,8,8,8,8,8,8,8,8,8,8,8,8,8,8,8,8,8,8,8,8,8,8,8,8,8,8,8,8,8,8,8,8,8,8,8,8.03051038204326,8.03051038204326,8.03051038204326,8.03051038204326,8.03051038204326,8.03051038204327,8.03051038204327,8.03051038204327,8.03051038204327,8.03051038204327,8.03051038204327,8.03051038204327,384.705691010783,1.06462228416054,1.06601039410772,"QUERÉTARO","QT",5.83788279950383,43.3738312388677
"98","2020-07-18",4,5,5,5,5,5,5,5,5,5,5,5,5,5,5,5,5,5,5,5,5,5,5,5,5,5,5,5,5,5,5,5,5,5,5,5,5,5,5,5,5,5,5.00000000000001,5.00000000000001,5.00000000000001,5.39663370039148,5.39663370039148,5.39663370039148,5.39663370039148,5.39663370039148,5.39663370039148,5.39663370039148,5.39663370039148,5.39663370039148,5.39663370039149,5.39663370039149,5.39663370039149,390.102324711174,1.06878983851791,1.06927923396333,"QUERÉTARO","QT",6.27697676269927,41.3913063193259
"99","2020-07-19",6,6,6,6,6,6,6,6,6,6,6,6,6,6,6,6,6,6,6,6,6,6,6,6,6,6,6,6,6,7,7,7,7,7,7,7,7,7,7,7,7.00000000000001,7.00000000000001,7.00000000000001,7.00000000000001,7.00000000000001,7.12563582997738,7.12563582997738,7.12563582997738,7.12563582997738,7.12563582997738,7.12563582997739,7.12563582997739,7.12563582997739,7.12563582997739,7.12563582997739,7.12563582997739,7.12563582997739,397.227960541151,1.07491497465695,1.07361345214715,"QUERÉTARO","QT",6.92108755077823,39.0340427249557
"100","2020-07-20",8,8,8,8,8,8,8,8,8,8,8,8,8,8,8,8,8,8,8,8,8,8,8,8,8,8,8,8,8,8,8,8,8,8,8,8,8,8,8,8,8,8,8,8,8,8.01201355395346,8.01201355395346,8.01201355395346,8.01201355395346,8.01201355395346,8.01201355395346,8.01201355395346,8.01201355395346,8.01201355395346,8.01201355395346,8.01201355395346,8.01201355395346,405.239974095105,1.07583402075679,1.07235318388549,"QUERÉTARO","QT",7.1411983665914,39.6903590204198
"101","2020-07-21",2,2,2,2,2,2,2,3,3,3,3,3,3,3,3,3,3,3,3,3,3,3,3,3,3,3,3,3,3,3,3,3,3,3,3,3,3,3,3,3,3,3,3,3.00000000000001,3.00000000000001,3.63666752247888,3.63666752247888,3.63666752247888,3.63666752247888,3.63666752247888,3.63666752247889,3.63666752247889,3.63666752247889,3.63666752247889,3.63666752247889,3.63666752247889,3.63666752247889,408.876641617584,1.06282971937143,1.06754132077713,"QUERÉTARO","QT",6.04273765170031,42.4214536564757
"102","2020-07-22",7,7,7,7,8,8,8,8,8,8,8,8,8,8,8,8,8,8,8,8,8,8,8,8,8,8,8,8,8,8,8,8,8.00000000000001,8.00000000000001,8.00000000000001,8.00000000000001,8.00000000000001,8.00000000000001,8.00000000000001,8.00000000000002,8.00000000000002,8.00000000000002,8.00000000000002,8.00000000000002,8.00000000000002,8.01472112556054,8.01472112556054,8.01472112556054,8.01472112556054,8.01472112556054,8.01472112556055,8.01472112556055,8.01472112556055,8.01472112556056,8.01472112556056,8.01472112556056,8.01472112556056,416.891362743144,1.06867182360886,1.06654039199604,"QUERÉTARO","QT",6.69725950799258,43.0391657429716
"103","2020-07-23",4,5,5,5,6,6,6,6,6,6,6,6,6,6,6,6,6,6,6,6,6,6,6,6,6,6,6,6,6,6.325,6.325,6.325,6.325,6.325,6.325,6.325,6.325,6.325,6.325,6.325,6.325,6.325,6.32500000000001,6.32500000000001,6.32500000000001,6.54895645793294,6.54895645793294,6.54895645793295,6.54895645793295,6.54895645793295,6.54895645793295,6.54895645793295,6.54895645793295,6.54895645793295,6.54895645793296,6.54895645793296,6.54895645793296,423.440319201077,1.06598820139503,1.06424484958366,"QUERÉTARO","QT",6.55308966498147,44.5285002961528
"104","2020-07-24",2,2,2,2,3,3,3,3,3,3,3,3,3,3,3,4,4,4,4,4,4,4,4,4,4,4,4,4,4,4.11454439252336,4.11454439252336,4.11454439252336,4.11454439252336,4.11454439252336,4.11454439252336,4.11454439252336,4.11454439252337,4.11454439252337,4.11454439252337,4.11454439252337,4.11454439252337,4.11454439252337,4.11454439252337,4.11454439252337,4.11454439252338,4.627297550013,4.627297550013,4.627297550013,4.627297550013,4.627297550013,4.627297550013,4.627297550013,4.627297550013,4.62729755001301,4.62729755001301,4.62729755001301,4.62729755001301,428.06761675109,1.05633117193574,1.06041675823078,"QUERÉTARO","QT",5.70691066399635,47.2637954672241
"105","2020-07-25",4,4,4,6,6,6,6,6,6,6,6,6,6,6,6,6,6,6,6,6,6,6,6,6,6,6,6,6,6,6.35316011626614,6.35316011626614,6.35316011626614,6.35316011626614,6.35316011626614,6.35316011626614,6.35316011626614,6.35316011626614,6.35316011626614,6.35316011626614,6.35316011626614,6.35316011626614,6.35316011626614,6.35316011626614,6.35316011626614,6.35316011626614,6.57499470606649,6.57499470606649,6.57499470606649,6.57499470606649,6.57499470606649,6.5749947060665,6.5749947060665,6.5749947060665,6.5749947060665,6.57499470606651,6.57499470606651,6.57499470606651,434.642611457157,1.06301648765662,1.06108964797304,"QUERÉTARO","QT",6.44149245989326,46.7581685283073
"106","2020-07-26",6,6,7,7,7,7,7,7,7,7,7,7,7,7,7,7,7,7,7,7,7,7,8,8,8,8,8,8,8,8.09043610576488,8.09043610576489,8.09043610576489,8.09043610576489,8.09043610576489,8.09043610576489,8.09043610576489,8.09043610576489,8.09043610576489,8.09043610576489,8.09043610576489,8.09043610576489,8.09043610576489,8.09043610576489,8.09043610576489,8.0904361057649,8.09369979579563,8.09369979579563,8.09369979579563,8.09369979579563,8.09369979579563,8.09369979579564,8.09369979579564,8.09369979579564,8.09369979579564,8.09369979579564,8.09369979579564,8.09369979579564,442.736311252952,1.0619944446432,1.05989555752501,"QUERÉTARO","QT",6.46123712745203,47.6632449949262
"107","2020-07-27",0,0,0,0,0,0,0,0,0,0,2,2,2,2,2,2,2,2,2,2,2,2,2,2,2,2,2,2,2,2.22625047304243,2.22625047304244,2.22625047304244,2.22625047304244,2.22625047304244,2.22625047304244,2.22625047304244,2.22625047304244,2.22625047304244,2.22625047304244,2.22625047304244,2.22625047304244,2.22625047304244,2.22625047304245,2.22625047304245,2.22625047304245,2.96716743151486,2.96716743151486,2.96716743151486,2.96716743151487,2.96716743151487,2.96716743151487,2.96716743151487,2.96716743151487,2.96716743151487,2.96716743151488,2.96716743151488,2.96716743151488,445.703478684467,1.052576853157,1.05590680535605,"QUERÉTARO","QT",5.56578987084751,50.9667710790201
"108","2020-07-28",5,5,5,5,5,5,5,5,5,6,6,6,6,6,6,6,6,6,6,6,6,6,6,6,6,6,6,6,6,6.31542938649205,6.31542938649205,6.31542938649206,6.31542938649206,6.31542938649206,6.31542938649206,6.31542938649206,6.31542938649206,6.31542938649206,6.31542938649206,6.31542938649206,6.31542938649207,6.31542938649207,6.31542938649207,6.31542938649207,6.31542938649207,6.54099915773763,6.54099915773763,6.54099915773763,6.54099915773763,6.54099915773763,6.54099915773764,6.54099915773764,6.54099915773764,6.54099915773764,6.54099915773764,6.54099915773764,6.54099915773764,452.244477842205,1.05647907046697,1.0547218559976,"QUERÉTARO","QT",6.04421527277867,52.0409203464837
"109","2020-07-29",3,3,5,5,5,5,5,5,5,5,5,5,5,5,5,5,5,5,5,5,5,5,5,5,5,5,5,5,5,5.22358999782916,5.22358999782916,5.22358999782916,5.22358999782916,5.22358999782916,5.22358999782916,5.22358999782916,5.22358999782916,5.22358999782916,5.22358999782916,5.22358999782917,5.22358999782917,5.22358999782917,5.22358999782917,5.22358999782917,5.22358999782917,5.58737307402633,5.58737307402634,5.58737307402634,5.58737307402634,5.58737307402634,5.58737307402634,5.58737307402634,5.58737307402635,5.58737307402635,5.58737307402635,5.58737307402636,5.58737307402636,457.831850916231,1.05335242989943,1.05366771567332,"QUERÉTARO","QT",5.79730986476863,53.0363503951744
"110","2020-07-30",6,6,6,6,6,6,6,6,6,6,6,6,6,6,6,6,6,6,7,7,7,7,7.49454545454546,7.49454545454546,7.49454545454546,7.49454545454546,7.49454545454546,7.49454545454546,7.49454545454546,7.64040812357431,7.64040812357432,7.64040812357432,7.64040812357432,7.64040812357432,7.64040812357432,7.64040812357432,7.64040812357432,7.64040812357432,7.64040812357432,7.64040812357432,7.64040812357433,7.64040812357433,7.64040812357433,7.64040812357433,7.64040812357433,7.69959487736841,7.69959487736841,7.69959487736841,7.69959487736841,7.69959487736841,7.69959487736842,7.69959487736842,7.69959487736842,7.69959487736842,7.69959487736843,7.69959487736843,7.69959487736843,465.5314457936,1.05148693242742,1.05564320579787,"QUERÉTARO","QT",5.69878363516183,51.2017667809455
"111","2020-07-31",7,7,8,9,9,9,9,9,9,9,9,9,9,9,9,9,9,9,9,9,9,9,9.52480222068009,9.52480222068009,9.52480222068009,9.52480222068009,9.5248022206801,9.5248022206801,9.5248022206801,9.69834106609762,9.69834106609762,9.69834106609762,9.69834106609762,9.69834106609762,9.69834106609762,9.69834106609762,9.69834106609762,9.69834106609762,9.69834106609763,9.69834106609763,9.69834106609763,9.69834106609763,9.69834106609763,9.69834106609763,9.69834106609764,9.69834106609764,9.69834106609764,9.69834106609764,9.69834106609764,9.69834106609764,9.69834106609764,9.69834106609765,9.69834106609765,9.69834106609766,9.69834106609766,9.69834106609766,9.69834106609766,475.229786859697,1.0662465284372,1.06335680218089,"QUERÉTARO","QT",7.38157704380752,45.1336021210029
"112","2020-08-01",5,7,7,7,7,7,7,7,7,7,7,7,7,7,8,8,8,8,8,8,8,8,8.30056042988349,8.30056042988349,8.30056042988349,8.3005604298835,8.3005604298835,8.3005604298835,8.3005604298835,8.42181246748891,8.42181246748891,8.42181246748891,8.42181246748891,8.42181246748891,8.42181246748891,8.42181246748892,8.42181246748892,8.42181246748892,8.42181246748892,8.42181246748892,8.42181246748892,8.42181246748892,8.42181246748892,8.42181246748892,8.42181246748893,8.42181246748893,8.42181246748893,8.42181246748893,8.42181246748893,8.42181246748893,8.42181246748894,8.42181246748894,8.42181246748894,8.42181246748894,8.42181246748895,8.42181246748895,8.42181246748895,483.651599327186,1.06944721942175,1.07193326394277,"QUERÉTARO","QT",7.85178037124535,39.9141487478832
"113","2020-08-02",11,11,11,11,11,11,11,11,11,11,11,11,11,11,11,11,11,11,11,11,11,11,11.8995008312078,11.8995008312078,11.8995008312078,11.8995008312078,11.8995008312079,11.8995008312079,11.8995008312079,11.9935403336259,11.9935403336259,11.9935403336259,11.9935403336259,11.9935403336259,11.9935403336259,11.9935403336259,11.9935403336259,11.9935403336259,11.993540333626,11.993540333626,11.993540333626,11.993540333626,11.993540333626,11.993540333626,11.993540333626,11.993540333626,11.993540333626,11.993540333626,11.993540333626,11.993540333626,11.993540333626,11.993540333626,11.993540333626,11.993540333626,11.993540333626,11.993540333626,11.993540333626,495.645139660812,1.08259208849037,1.07692162078771,"QUERÉTARO","QT",9.45332218614526,37.4135093629355
"114","2020-08-03",3,3,3,3,3,3,3,3,3,3,3,3,3,3,3,3,3,3,3.10744985673352,3.10744985673352,3.10744985673352,3.10744985673353,3.10744985673353,3.10744985673353,3.10744985673353,3.10744985673353,3.10744985673353,3.10744985673353,3.10744985673353,3.3418831380931,3.3418831380931,3.3418831380931,3.3418831380931,3.3418831380931,3.3418831380931,3.3418831380931,3.3418831380931,3.3418831380931,3.34188313809311,3.34188313809311,3.34188313809311,3.34188313809311,3.34188313809311,3.34188313809311,3.34188313809311,3.89574628932951,3.89574628932951,3.89574628932952,3.89574628932952,3.89574628932952,3.89574628932952,3.89574628932952,3.89574628932952,3.89574628932952,3.89574628932953,3.89574628932953,3.89574628932953,499.540885950142,1.07305508674836,1.07250595816876,"QUERÉTARO","QT",8.50236003913554,39.6095832102562
"115","2020-08-04",3,3,3,3,3,3,3,3,3,3,3,3,3,4,4,4,4,4,4.15510780351551,4.15510780351551,4.15510780351551,4.15510780351551,4.16571277081721,4.16571277081721,4.16571277081721,4.16571277081721,4.16571277081721,4.16571277081721,4.16571277081721,4.42529672063356,4.42529672063356,4.42529672063356,4.42529672063356,4.42529672063356,4.42529672063356,4.42529672063356,4.42529672063356,4.42529672063356,4.42529672063356,4.42529672063357,4.42529672063357,4.42529672063357,4.42529672063357,4.42529672063357,4.42529672063357,4.83073787749684,4.83073787749684,4.83073787749684,4.83073787749685,4.83073787749685,4.83073787749685,4.83073787749685,4.83073787749685,4.83073787749685,4.83073787749686,4.83073787749686,4.83073787749687,504.371623827639,1.06132157068796,1.06526778678932,"QUERÉTARO","QT",7.28545924198534,43.8518882934854
"116","2020-08-05",9,9,9,9,9,9,9,9,9,9,9,9,10,10,10,10,10,10,10.0491155123962,10.0491155123962,10.0491155123962,10.0491155123962,10.7836786991076,10.7836786991076,10.7836786991076,10.7836786991076,10.7836786991076,10.7836786991076,10.7836786991076,10.89769234254,10.89769234254,10.89769234254,10.89769234254,10.89769234254,10.89769234254,10.89769234254,10.89769234254,10.89769234254,10.89769234254,10.89769234254,10.89769234254,10.89769234254,10.89769234254,10.89769234254,10.89769234254,10.89769234254,10.89769234254,10.89769234254,10.89769234254,10.89769234254,10.89769234254,10.89769234254,10.89769234254,10.89769234254,10.89769234254,10.89769234254,10.89769234254,515.269316170179,1.06537291903299,1.06235314418049,"QUERÉTARO","QT",7.90442921074811,45.8382206651062
"117","2020-08-06",7,7,7,7,7,8,8,8,8,8,8,8,8,8,8,8,8,8,8.14829683647439,8.14829683647439,8.14829683647439,8.14829683647439,8.5954141651074,8.5954141651074,8.5954141651074,8.5954141651074,8.5954141651074,8.59541416510741,8.59541416510741,8.73888505778167,8.73888505778167,8.73888505778167,8.73888505778167,8.73888505778167,8.73888505778167,8.73888505778167,8.73888505778168,8.73888505778168,8.73888505778168,8.73888505778168,8.73888505778168,8.73888505778168,8.73888505778168,8.73888505778168,8.73888505778169,8.79867727702185,8.79867727702185,8.79867727702185,8.79867727702185,8.79867727702185,8.79867727702186,8.79867727702186,8.79867727702186,8.79867727702186,8.79867727702187,8.79867727702187,8.79867727702187,524.067993447201,1.05734516796803,1.05973831670535,"QUERÉTARO","QT",7.10571344659708,47.7851229914071
"118","2020-08-07",3,4,4,4,4,4,4,4,4,4,4,4,4,4,4.06595448211798,4.06595448211798,4.06595448211798,4.06595448211798,4.23541977109087,4.23541977109087,4.23541977109087,4.23541977109087,4.2491405327976,4.2491405327976,4.2491405327976,4.2491405327976,4.2491405327976,4.2491405327976,4.24914053279761,4.49840778726194,4.49840778726194,4.49840778726194,4.49840778726194,4.49840778726194,4.49840778726194,4.49840778726194,4.49840778726194,4.49840778726194,4.49840778726195,4.49840778726195,4.49840778726195,4.49840778726195,4.49840778726196,4.49840778726196,4.49840778726196,4.89086119726778,4.89086119726778,4.89086119726778,4.89086119726779,4.89086119726779,4.89086119726779,4.8908611972678,4.8908611972678,4.8908611972678,4.8908611972678,4.8908611972678,4.89086119726781,528.958854644468,1.05889001185233,1.06090688752113,"QUERÉTARO","QT",7.35449217358165,46.8943946910448
"119","2020-08-08",9,9,9,9,9,9,9,9,9,9,9,9,9,9,9.17972237653736,9.17972237653736,9.17972237653736,9.17972237653736,9.23432038038262,9.23432038038262,9.23432038038262,9.23432038038262,9.82000011095196,9.82000011095196,9.82000011095197,9.82000011095197,9.82000011095197,9.82000011095198,9.82000011095198,9.95177756793542,9.95177756793542,9.95177756793542,9.95177756793543,9.95177756793543,9.95177756793543,9.95177756793543,9.95177756793543,9.95177756793543,9.95177756793543,9.95177756793544,9.95177756793544,9.95177756793544,9.95177756793544,9.95177756793544,9.95177756793544,9.96341493137137,9.96341493137137,9.96341493137137,9.96341493137138,9.96341493137138,9.96341493137139,9.96341493137139,9.96341493137139,9.96341493137139,9.96341493137139,9.96341493137139,9.96341493137139,538.92226957584,1.06850235841184,1.0644472471228,"QUERÉTARO","QT",8.63766143705028,44.3929224502709
"120","2020-08-09",7,7,7,7,7,7,7,7,7,7,7,7,7.08610885458976,7.18835604348869,7.39458040786693,7.39458040786693,7.39458040786693,7.39458040786693,7.52151560195644,7.52151560195644,7.52151560195644,7.52151560195645,7.94359702868387,7.94359702868387,7.94359702868387,7.94359702868387,7.94359702868387,7.94359702868388,7.94359702868388,8.10272553327524,8.10272553327524,8.10272553327524,8.10272553327524,8.10272553327524,8.10272553327524,8.10272553327524,8.10272553327524,8.10272553327524,8.10272553327524,8.10272553327525,8.10272553327525,8.10272553327525,8.10272553327525,8.10272553327525,8.10272553327525,8.23925952418471,8.23925952418471,8.23925952418471,8.23925952418471,8.23925952418471,8.23925952418472,8.23925952418472,8.23925952418472,8.23925952418472,8.23925952418473,8.23925952418473,8.23925952418473,547.161529100025,1.06189425981522,1.06446201559752,"QUERÉTARO","QT",7.97305323246145,44.3830629695493
"121","2020-08-10",10,10,10,10,10,10,10,10,10,10,10,10,10.2945482828353,10.2945482828353,10.3610577213394,10.3610577213394,10.3610577213394,10.3610577213394,10.4032655670668,10.4032655670668,10.4032655670668,10.4032655670668,11.1555159653015,11.1555159653015,11.1555159653015,11.1555159653015,11.1555159653015,11.1555159653015,11.1555159653015,11.2628864043746,11.2628864043746,11.2628864043746,11.2628864043746,11.2628864043746,11.2628864043746,11.2628864043746,11.2628864043746,11.2628864043746,11.2628864043746,11.2628864043746,11.2628864043746,11.2628864043746,11.2628864043746,11.2628864043746,11.2628864043746,11.2628864043746,11.2628864043746,11.2628864043746,11.2628864043746,11.2628864043746,11.2628864043746,11.2628864043746,11.2628864043746,11.2628864043746,11.2628864043746,11.2628864043746,11.2628864043746,558.424415504399,1.0655571843478,1.06566473647845,"QUERÉTARO","QT",8.58910551429963,43.5950053017044
"122","2020-08-11",6,6,6,6,6,6,6,6,6,6,6,6,6.11466044403598,6.40283156076061,6.55137982506954,6.55137982506954,6.55137982506954,6.55137982506954,6.66228475738331,6.66228475738331,6.66228475738331,6.66228475738331,6.96936730289344,6.96936730289344,6.96936730289344,6.96936730289344,6.96936730289344,6.96936730289344,6.96936730289345,7.15673833968452,7.15673833968452,7.15673833968453,7.15673833968453,7.15673833968453,7.15673833968453,7.15673833968453,7.15673833968454,7.15673833968454,7.15673833968454,7.15673833968454,7.15673833968454,7.15673833968455,7.15673833968455,7.15673833968455,7.15673833968455,7.3765912591809,7.3765912591809,7.37659125918091,7.37659125918091,7.37659125918091,7.37659125918091,7.37659125918092,7.37659125918092,7.37659125918092,7.37659125918092,7.37659125918093,7.37659125918093,565.80100676358,1.06965031740299,1.06570058407501,"QUERÉTARO","QT",9.21053802977791,43.5719595691148
"123","2020-08-12",3,3,3,3,3,3,3,3,3,3,3,3,3,3.41739862114626,3.5017130335887,3.50171303358871,3.50171303358871,3.50171303358871,3.66898928035708,3.66898928035708,3.66898928035708,3.66898928035708,3.66898928035708,3.66898928035709,3.66898928035709,3.66898928035709,3.66898928035709,3.6689892803571,3.6689892803571,3.91819979286249,3.91819979286249,3.91819979286249,3.91819979286249,3.9181997928625,3.9181997928625,3.91819979286251,3.91819979286251,3.91819979286252,3.91819979286252,3.91819979286252,3.91819979286252,3.91819979286252,3.91819979286253,3.91819979286253,3.91819979286253,4.34885350219456,4.34885350219457,4.34885350219457,4.34885350219457,4.34885350219457,4.34885350219457,4.34885350219457,4.34885350219457,4.34885350219458,4.34885350219458,4.34885350219459,4.34885350219459,570.149860265775,1.05794451714625,1.059202941262,"QUERÉTARO","QT",7.80689767248371,48.2049481011112
"124","2020-08-13",4,4,4,4,4,4,4,4,4,4,4,4,4.00379669803439,4.17730283575055,4.23500158739263,4.23500158739264,4.23500158739264,4.23500158739264,4.39479192435883,4.39479192435883,4.39479192435883,4.39479192435883,4.44409185406256,4.44409185406256,4.44409185406256,4.44409185406257,4.44409185406257,4.44409185406257,4.44409185406257,4.68379023309701,4.68379023309701,4.68379023309701,4.68379023309701,4.68379023309701,4.68379023309701,4.68379023309701,4.68379023309701,4.68379023309701,4.68379023309701,4.68379023309702,4.68379023309702,4.68379023309703,4.68379023309703,4.68379023309703,4.68379023309703,5.06596092485179,5.06596092485179,5.06596092485179,5.06596092485179,5.06596092485179,5.0659609248518,5.0659609248518,5.06596092485181,5.06596092485181,5.06596092485181,5.06596092485182,5.06596092485182,575.215821190627,1.0512724133525,1.05269255181213,"QUERÉTARO","QT",7.01357302265049,53.992658556402
"125","2020-08-14",10,10,10,10,10,10,10,10,10,10,10,10,10.3107146091105,10.3107146091105,10.3811466978912,10.3811466978912,10.3811466978912,10.3811466978912,10.4259977243038,10.4259977243038,10.4259977243038,10.4259977243038,11.1819019205141,11.1819019205141,11.1819019205141,11.1819019205141,11.1819019205141,11.1819019205141,11.1819019205141,11.2866560674443,11.2866560674443,11.2866560674443,11.2866560674443,11.2866560674443,11.2866560674443,11.2866560674443,11.2866560674443,11.2866560674443,11.2866560674443,11.2866560674443,11.2866560674443,11.2866560674443,11.2866560674443,11.2866560674443,11.2866560674443,11.2866560674443,11.2866560674443,11.2866560674443,11.2866560674443,11.2866560674443,11.2866560674443,11.2866560674443,11.2866560674443,11.2866560674443,11.2866560674443,11.2866560674443,11.2866560674443,586.502477258071,1.05028086339726,1.05207727563113,"QUERÉTARO","QT",7.01951543841792,54.6144609837285
"126","2020-08-15",10,10,10,10,10,10,10,10,10,10,10,10,10.2762779508398,10.2762779508398,10.3520154894185,10.3520154894185,10.3520154894185,10.3520154894185,10.3964909099716,10.3964909099716,10.3964909099716,10.3964909099716,11.1463261928114,11.1463261928114,11.1463261928114,11.1463261928114,11.1463261928114,11.1463261928114,11.1463261928114,11.252120075632,11.252120075632,11.252120075632,11.252120075632,11.252120075632,11.252120075632,11.252120075632,11.252120075632,11.252120075632,11.252120075632,11.252120075632,11.252120075632,11.252120075632,11.252120075632,11.252120075632,11.252120075632,11.252120075632,11.252120075632,11.252120075632,11.252120075632,11.252120075632,11.252120075632,11.252120075632,11.252120075632,11.252120075632,11.252120075632,11.252120075632,11.252120075632,597.754597333703,1.0564749623775,1.0565629156779,"QUERÉTARO","QT",7.98839764253069,50.391365351208
"127","2020-08-16",7,7,7,7,7,7.1176761433869,7.1176761433869,7.1176761433869,7.1176761433869,7.1176761433869,7.1176761433869,7.1176761433869,7.22877263771812,7.33598635061454,7.47814853293103,7.47814853293103,7.47814853293103,7.47814853293103,7.59291864254173,7.59291864254173,7.59291864254174,7.59291864254174,8.01745883373261,8.01745883373261,8.01745883373261,8.01745883373261,8.01745883373262,8.01745883373263,8.01745883373263,8.17937546743304,8.17937546743304,8.17937546743304,8.17937546743305,8.17937546743305,8.17937546743305,8.17937546743305,8.17937546743305,8.17937546743305,8.17937546743305,8.17937546743306,8.17937546743306,8.17937546743306,8.17937546743306,8.17937546743306,8.17937546743306,8.32660575590728,8.32660575590728,8.32660575590728,8.32660575590728,8.32660575590728,8.32660575590729,8.32660575590729,8.32660575590729,8.32660575590729,8.3266057559073,8.3266057559073,8.3266057559073,606.08120308961,1.06302087455934,1.06091700376071,"QUERÉTARO","QT",8.98283570595887,46.8868328743346
"128","2020-08-17",3,3,3,3,3,3.00701465450103,3.00701465450103,3.00701465450103,3.00701465450103,3.00701465450103,3.00701465450103,3.00701465450103,3.00701465450103,3.36670779563743,3.46045855798658,3.46045855798658,3.46045855798658,3.46045855798658,3.63221347748169,3.63221347748169,3.63221347748169,3.63221347748169,3.63221347748169,3.6322134774817,3.6322134774817,3.63221347748171,3.63221347748171,3.63221347748171,3.63221347748171,3.88343399181928,3.88343399181928,3.88343399181929,3.88343399181929,3.88343399181929,3.8834339918193,3.8834339918193,3.88343399181931,3.88343399181931,3.88343399181931,3.88343399181931,3.88343399181931,3.88343399181932,3.88343399181932,3.88343399181933,3.88343399181933,4.30981538748372,4.30981538748372,4.30981538748372,4.30981538748373,4.30981538748373,4.30981538748373,4.30981538748373,4.30981538748374,4.30981538748374,4.30981538748375,4.30981538748375,4.30981538748375,610.391018477094,1.06115130354666,1.06045934958137,"QUERÉTARO","QT",8.79379932161686,47.2314576576819
"129","2020-08-18",8,8,8,8,8,8.01382434266646,8.01382434266646,8.01382434266646,8.01382434266646,8.01382434266646,8.01382434266646,8.01382434266646,8.18801703260161,8.28453677674639,8.40028281548092,8.40028281548092,8.40028281548092,8.40028281548092,8.48180982960355,8.48180982960355,8.48180982960355,8.48180982960355,9.00611054831381,9.00611054831382,9.00611054831382,9.00611054831382,9.00611054831383,9.00611054831383,9.00611054831383,9.15278377173799,9.15278377173799,9.15278377173799,9.15278377173799,9.152783771738,9.152783771738,9.152783771738,9.152783771738,9.152783771738,9.152783771738,9.152783771738,9.152783771738,9.15278377173801,9.15278377173801,9.15278377173801,9.15278377173801,9.25701090915597,9.25701090915597,9.25701090915598,9.25701090915598,9.25701090915598,9.25701090915599,9.25701090915599,9.25701090915599,9.25701090915599,9.25701090915599,9.257010909156,9.257010909156,619.64802938625,1.05651391667284,1.05788674835528,"QUERÉTARO","QT",8.28638803204477,49.2700709353569
"130","2020-08-19",11,11,11,11,11,11.0107776595029,11.0107776595029,11.0107776595029,11.0107776595029,11.0107776595029,11.0107776595029,11.0107776595029,11.3349937065188,11.3349937065188,11.421956942494,11.421956942494,11.421956942494,11.421956942494,11.4496675256327,11.4496675256327,11.4496675256327,11.4496675256327,12.3158786437262,12.3158786437262,12.3158786437262,12.3158786437262,12.3158786437262,12.3158786437262,12.3158786437262,12.3984679267022,12.3984679267022,12.3984679267022,12.3984679267022,12.3984679267022,12.3984679267022,12.3984679267022,12.3984679267022,12.3984679267022,12.3984679267022,12.3984679267022,12.3984679267023,12.3984679267023,12.3984679267023,12.3984679267023,12.3984679267023,12.3984679267023,12.3984679267023,12.3984679267023,12.3984679267023,12.3984679267023,12.3984679267023,12.3984679267023,12.3984679267023,12.3984679267023,12.3984679267023,12.3984679267023,12.3984679267023,632.046497312952,1.05736785652876,1.05736785652876,"QUERÉTARO","QT",8.57297499481234,49.7034102657336
